"year","ff201a","ff201b","ff212a","ff212b","ff220a","ff220b","ff251a","ff254a","ff254b","ff255a","ff255b","ff259a","ff259b"
877,NA,NA,NA,NA,NA,NA,NA,NA,NA,NA,NA,0.999250806639749,NA
878,NA,NA,NA,NA,NA,NA,NA,NA,NA,NA,NA,1.0180426950322,NA
879,NA,NA,NA,NA,NA,NA,NA,NA,NA,NA,NA,1.01327368135954,NA
880,NA,NA,NA,NA,NA,NA,NA,NA,NA,NA,NA,1.02213921823967,NA
881,NA,NA,NA,NA,NA,NA,NA,NA,NA,NA,NA,1.02209425386286,NA
882,NA,NA,NA,NA,NA,NA,NA,NA,NA,NA,NA,1.07268623249447,NA
883,NA,NA,NA,NA,NA,NA,NA,NA,NA,NA,NA,0.974945763666032,NA
884,NA,NA,NA,NA,NA,NA,NA,NA,NA,NA,NA,1.0356776045379,NA
885,NA,NA,NA,NA,NA,NA,NA,NA,NA,NA,NA,0.974364389615815,NA
886,NA,NA,NA,NA,NA,NA,NA,NA,NA,NA,NA,0.975511909787261,NA
887,NA,NA,NA,NA,NA,NA,NA,NA,NA,NA,NA,1.01828958844864,NA
888,NA,NA,NA,NA,NA,NA,NA,NA,NA,NA,NA,1.03233370268385,NA
889,NA,NA,NA,NA,NA,NA,NA,NA,NA,NA,NA,1.00876197720619,NA
890,NA,NA,NA,NA,NA,NA,NA,NA,NA,NA,NA,1.01740974724646,NA
891,NA,NA,NA,NA,NA,NA,NA,NA,NA,NA,NA,1.04132143458196,NA
892,NA,NA,NA,NA,NA,NA,NA,NA,NA,NA,NA,0.914070988957616,NA
893,NA,NA,NA,NA,NA,NA,NA,NA,NA,NA,NA,0.946554317949384,NA
894,NA,NA,NA,NA,NA,NA,NA,NA,NA,NA,NA,0.964080119713257,NA
895,NA,NA,NA,NA,NA,NA,NA,NA,NA,NA,NA,0.99097956498347,NA
896,NA,NA,NA,NA,NA,NA,NA,NA,NA,NA,NA,0.899808902699203,NA
897,NA,NA,NA,NA,NA,NA,NA,NA,NA,NA,NA,0.917949123493045,NA
898,NA,NA,NA,NA,NA,NA,NA,NA,NA,NA,NA,0.982869264919203,NA
899,NA,NA,NA,NA,NA,NA,NA,NA,NA,NA,NA,1.02588659582455,NA
900,NA,NA,NA,NA,NA,NA,NA,NA,NA,NA,NA,0.994923873804448,NA
901,NA,NA,NA,NA,NA,NA,NA,NA,NA,NA,NA,0.981770902538298,NA
902,NA,NA,NA,NA,NA,NA,NA,NA,NA,NA,NA,1.01376550168761,NA
903,NA,NA,NA,NA,NA,NA,NA,NA,NA,NA,NA,1.0248524269973,NA
904,NA,NA,NA,NA,NA,NA,NA,NA,NA,NA,NA,1.07129008387191,NA
905,NA,NA,NA,NA,NA,NA,NA,NA,NA,NA,NA,1.05112391454094,NA
906,NA,NA,NA,NA,NA,NA,NA,NA,NA,NA,NA,1.0424056028573,NA
907,NA,NA,NA,NA,NA,NA,NA,NA,NA,NA,NA,0.922812974568868,NA
908,NA,NA,NA,NA,NA,NA,NA,NA,NA,NA,NA,0.990544948150036,NA
909,NA,NA,NA,NA,NA,NA,NA,NA,NA,NA,NA,0.985539377597489,NA
910,NA,NA,NA,NA,NA,NA,NA,NA,NA,NA,NA,0.918731933092131,NA
911,NA,NA,NA,NA,NA,NA,NA,NA,NA,NA,NA,0.947523325627203,NA
912,NA,NA,NA,NA,NA,NA,NA,NA,NA,NA,NA,1.03454774708081,NA
913,NA,NA,NA,NA,NA,NA,NA,NA,NA,NA,NA,0.932171841828311,NA
914,NA,NA,NA,NA,NA,NA,NA,NA,NA,NA,NA,0.906751444145321,NA
915,NA,NA,NA,NA,NA,NA,NA,NA,NA,NA,NA,0.963806883026163,NA
916,NA,NA,NA,NA,NA,NA,NA,NA,NA,NA,NA,1.00243703397546,NA
917,NA,NA,NA,NA,NA,NA,NA,NA,NA,NA,NA,1.00113801055639,NA
918,NA,NA,NA,NA,NA,NA,NA,NA,NA,NA,NA,1.05058471446817,NA
919,NA,NA,NA,NA,NA,NA,NA,NA,NA,NA,NA,1.04733746195902,NA
920,NA,NA,NA,NA,NA,NA,NA,NA,NA,NA,NA,1.01906077678656,NA
921,NA,NA,NA,NA,NA,NA,NA,NA,NA,NA,NA,1.00309542608584,NA
922,NA,NA,NA,NA,NA,NA,NA,NA,NA,NA,NA,1.02685489541435,NA
923,NA,NA,NA,NA,NA,NA,NA,NA,NA,NA,NA,1.01775016633518,NA
924,NA,NA,NA,NA,NA,NA,NA,NA,NA,NA,NA,0.98792562536489,NA
925,NA,NA,NA,NA,NA,NA,NA,NA,NA,NA,NA,0.957183324843992,NA
926,NA,NA,NA,NA,NA,NA,NA,NA,NA,NA,NA,1.03919616236028,NA
927,NA,NA,NA,NA,NA,NA,NA,NA,NA,NA,NA,1.02102687142071,NA
928,NA,NA,NA,NA,NA,NA,NA,NA,NA,NA,NA,1.05912680891888,NA
929,NA,NA,NA,NA,NA,NA,NA,NA,NA,NA,NA,1.03647233509208,NA
930,NA,NA,NA,NA,NA,NA,NA,NA,NA,NA,NA,0.964273841704866,NA
931,NA,NA,NA,NA,NA,NA,NA,NA,NA,NA,NA,0.977129315491849,NA
932,NA,NA,NA,NA,NA,NA,NA,NA,NA,NA,NA,1.03620687672132,NA
933,NA,NA,NA,NA,NA,NA,NA,NA,NA,NA,NA,1.02044955776204,NA
934,NA,NA,NA,NA,NA,NA,NA,NA,NA,NA,NA,1.03110449964127,NA
935,NA,NA,NA,NA,NA,NA,NA,NA,NA,NA,NA,1.01721027230313,NA
936,NA,NA,NA,NA,NA,NA,NA,NA,NA,NA,NA,0.995113986102811,NA
937,NA,NA,NA,NA,NA,NA,NA,NA,NA,NA,NA,1.04448043370529,NA
938,NA,NA,NA,NA,NA,NA,NA,NA,NA,NA,NA,1.05159189325844,NA
939,NA,NA,NA,NA,NA,NA,NA,NA,NA,NA,NA,1.07561715480719,NA
940,NA,NA,NA,NA,NA,NA,NA,NA,NA,NA,NA,1.0225801354872,NA
941,NA,NA,NA,NA,NA,NA,NA,NA,NA,NA,NA,0.995421614017692,NA
942,NA,NA,NA,NA,NA,NA,NA,NA,NA,NA,NA,0.982788295506582,NA
943,NA,NA,NA,NA,NA,NA,NA,NA,NA,NA,NA,1.0562500655871,NA
944,NA,NA,NA,NA,NA,NA,NA,NA,NA,NA,NA,0.961687296388048,NA
945,NA,NA,NA,NA,NA,NA,NA,NA,NA,NA,NA,0.93876639644044,0.867698515885718
946,NA,NA,NA,NA,NA,NA,NA,NA,NA,NA,NA,0.970366129241952,0.880087336022688
947,NA,NA,NA,NA,NA,NA,NA,NA,NA,NA,NA,0.977598430999741,0.935251713313577
948,NA,NA,NA,NA,NA,NA,NA,NA,NA,NA,NA,0.972559744845784,0.838517456734359
949,NA,NA,NA,NA,NA,NA,NA,NA,NA,NA,NA,0.9773093187948,0.881509300939521
950,NA,NA,NA,NA,NA,NA,NA,NA,NA,NA,NA,0.906059556972654,1.03391907093454
951,NA,NA,NA,NA,NA,NA,NA,NA,NA,NA,NA,0.987465082610061,1.02736801616181
952,NA,NA,NA,NA,NA,NA,NA,NA,NA,NA,NA,0.905931673145828,1.0598612271377
953,NA,NA,NA,NA,NA,NA,NA,NA,NA,NA,NA,0.987344715948449,1.29418279355313
954,NA,NA,NA,NA,NA,NA,NA,NA,NA,NA,NA,0.966589568031601,1.31454595317662
955,NA,NA,NA,NA,NA,NA,NA,NA,NA,NA,NA,0.914806546655737,1.15788579859349
956,NA,NA,NA,NA,NA,NA,NA,NA,NA,NA,NA,0.957115729493282,1.18037713008976
957,NA,NA,NA,NA,NA,NA,NA,NA,NA,NA,NA,1.06450079019344,1.12713367929402
958,NA,NA,NA,NA,NA,NA,NA,NA,NA,NA,NA,1.02598494814048,1.15128629153835
959,NA,NA,NA,NA,NA,NA,NA,NA,NA,NA,NA,1.04539677926961,1.01735709794288
960,NA,NA,NA,NA,NA,NA,NA,NA,NA,NA,NA,1.04614954666423,0.738280339517527
961,NA,NA,NA,NA,NA,NA,NA,NA,NA,NA,NA,0.905689965374081,0.88170847750367
962,NA,NA,NA,NA,NA,NA,NA,NA,NA,NA,NA,0.95290454643295,0.914680823331556
963,NA,NA,NA,NA,NA,NA,NA,NA,NA,NA,NA,0.993656753737201,0.966074068635964
964,NA,NA,NA,NA,NA,NA,NA,NA,NA,NA,NA,1.03969351274139,0.99373695305184
965,NA,NA,NA,NA,NA,NA,NA,NA,NA,NA,NA,0.993691722153304,0.828635594612227
966,NA,NA,NA,NA,NA,NA,NA,NA,NA,NA,NA,1.03959887977842,0.893323088648869
967,NA,NA,NA,NA,NA,NA,NA,NA,NA,NA,NA,0.972215606928195,0.728828864389225
968,NA,NA,NA,NA,NA,NA,NA,NA,NA,NA,NA,0.921182168997933,0.847801866196956
969,NA,NA,NA,NA,NA,NA,NA,NA,NA,NA,NA,1.05490240856021,0.907438849516402
970,NA,NA,NA,NA,NA,NA,NA,NA,NA,NA,NA,0.975104587230034,0.967853673988653
971,NA,NA,NA,NA,NA,NA,NA,NA,NA,NA,NA,0.931965124539018,1.153044643054
972,NA,NA,NA,NA,NA,NA,NA,NA,NA,NA,NA,0.986957274310962,1.10007523005887
973,NA,NA,NA,NA,NA,NA,NA,NA,NA,NA,NA,0.986739628886697,0.983882314861362
974,NA,NA,NA,NA,NA,NA,NA,NA,NA,NA,NA,0.912996790282369,0.942058668941245
975,NA,NA,NA,NA,NA,NA,NA,NA,NA,NA,NA,0.916195221911815,1.00546140906076
976,NA,NA,NA,NA,NA,NA,NA,NA,NA,NA,NA,0.95365331671071,0.909157630599597
977,NA,NA,NA,NA,NA,NA,NA,NA,NA,NA,NA,1.03582857761529,1.0601537340529
978,NA,NA,NA,NA,NA,NA,NA,NA,NA,NA,NA,1.01128036015696,0.993622457060749
979,NA,NA,NA,NA,NA,NA,NA,NA,NA,NA,NA,0.95258045479233,0.866154641068264
980,NA,NA,NA,NA,NA,NA,NA,NA,NA,NA,NA,1.01681212252523,0.930380169540585
981,NA,NA,NA,NA,NA,NA,NA,NA,NA,NA,NA,1.0062598217139,0.909761796578234
982,NA,NA,NA,NA,NA,NA,NA,NA,NA,NA,NA,1.05811975710221,1.04660833462157
983,NA,NA,NA,NA,NA,NA,NA,NA,NA,NA,NA,1.04175173549932,1.02830547429431
984,NA,NA,NA,NA,NA,NA,NA,NA,NA,NA,NA,0.925883358911308,0.800235798865801
985,NA,NA,NA,NA,NA,NA,NA,NA,NA,NA,NA,0.932606797516104,0.685211226634354
986,NA,NA,NA,NA,NA,NA,NA,NA,NA,NA,NA,0.984955781919044,0.939554848231193
987,NA,NA,NA,NA,NA,NA,NA,NA,NA,NA,NA,1.03058693806109,0.941255362282688
988,NA,NA,NA,NA,NA,NA,NA,NA,NA,NA,NA,0.96532701741894,0.857232223530733
989,NA,NA,NA,NA,NA,NA,NA,NA,NA,NA,NA,1.0450833453513,0.975947029378017
990,NA,NA,NA,NA,NA,NA,NA,NA,NA,NA,NA,1.11743461535891,1.17585817167792
991,NA,NA,NA,NA,NA,NA,NA,NA,NA,NA,NA,1.04776420593537,1.18026144987556
992,NA,NA,NA,NA,NA,NA,NA,NA,NA,NA,NA,1.03121553342642,1.14975562107975
993,NA,NA,NA,NA,NA,NA,NA,NA,NA,NA,NA,0.957425392304535,0.847859903104004
994,NA,NA,NA,NA,NA,NA,NA,NA,NA,NA,NA,1.03984186788941,1.15212112410195
995,NA,NA,NA,NA,NA,NA,NA,NA,NA,NA,NA,0.960478380993194,1.02681460724346
996,NA,NA,NA,NA,NA,NA,NA,NA,NA,NA,NA,1.03156575967243,1.05626998232601
997,NA,NA,NA,NA,NA,NA,NA,NA,NA,NA,NA,1.03727537100284,1.14874221307341
998,NA,NA,NA,NA,NA,NA,NA,NA,NA,NA,NA,1.06020072627215,1.20573387484236
999,NA,NA,NA,NA,NA,NA,NA,NA,NA,NA,NA,1.06735546547316,1.17243074221965
1000,NA,NA,NA,NA,NA,NA,NA,NA,NA,NA,NA,1.10833821265617,1.22746132858072
1001,NA,NA,NA,NA,NA,NA,NA,NA,NA,NA,NA,1.0668241067984,1.11738677627872
1002,NA,NA,NA,NA,NA,NA,NA,NA,NA,NA,NA,1.06172512716527,1.05394560367378
1003,NA,NA,NA,NA,NA,NA,NA,NA,NA,NA,NA,1.03625478647614,1.04921263910944
1004,NA,NA,NA,NA,NA,NA,NA,NA,NA,NA,NA,1.0285280031184,1.07843075331802
1005,NA,NA,NA,NA,NA,NA,NA,NA,NA,NA,NA,0.993431896206586,1.09114758526899
1006,NA,NA,NA,NA,NA,NA,NA,NA,NA,NA,NA,0.999140230141047,1.00596235114892
1007,NA,NA,NA,NA,NA,NA,NA,NA,NA,NA,NA,0.973069797218229,1.02765223546032
1008,NA,NA,NA,NA,NA,NA,NA,NA,NA,NA,NA,0.997410693614797,1.04289321803999
1009,NA,NA,NA,NA,NA,NA,NA,NA,NA,NA,NA,0.950300904444486,1.02456272376851
1010,NA,NA,NA,NA,NA,NA,NA,NA,NA,NA,NA,0.987718158179417,1.02948517106916
1011,NA,NA,NA,NA,NA,NA,NA,NA,NA,NA,NA,0.98445170475784,0.834237773911973
1012,NA,NA,NA,NA,NA,NA,NA,NA,NA,NA,NA,0.97650912626998,0.839434590463847
1013,NA,NA,NA,NA,NA,NA,NA,NA,NA,NA,NA,1.01363090195888,0.894737772821294
1014,NA,NA,NA,NA,NA,NA,NA,NA,NA,NA,NA,1.05277930013614,1.22903053825652
1015,NA,NA,NA,NA,NA,NA,NA,NA,NA,NA,NA,1.04114690751826,1.00422003629498
1016,NA,NA,NA,NA,NA,NA,NA,NA,NA,NA,NA,1.03929375248956,1.0419407402276
1017,NA,NA,NA,NA,NA,NA,NA,NA,NA,NA,NA,0.970088391542659,0.858032970732026
1018,NA,NA,NA,NA,NA,NA,NA,NA,NA,NA,NA,1.04536959701217,1.19336075440989
1019,NA,NA,NA,NA,NA,NA,NA,NA,NA,NA,NA,1.06549208782227,1.21054056836793
1020,NA,NA,NA,NA,NA,NA,NA,NA,NA,NA,NA,1.05932677048065,1.28673658677815
1021,NA,NA,NA,NA,NA,NA,NA,NA,NA,NA,NA,0.990278867071504,1.01318244161356
1022,NA,NA,NA,NA,NA,NA,NA,NA,NA,NA,NA,0.942743391402044,0.888822303524344
1023,NA,NA,NA,NA,NA,NA,NA,NA,NA,NA,NA,1.02845530545982,1.04561345753006
1024,NA,NA,NA,NA,NA,NA,NA,NA,NA,NA,NA,1.0734372233005,1.05988757992079
1025,NA,NA,NA,NA,NA,NA,NA,NA,NA,NA,NA,1.0958850408371,1.16919780838042
1026,NA,NA,NA,NA,NA,NA,NA,NA,NA,NA,NA,1.10479022604683,1.24620087929588
1027,NA,NA,NA,NA,NA,NA,NA,NA,NA,NA,NA,1.09392060339578,1.28992641751955
1028,NA,NA,NA,NA,NA,NA,NA,NA,NA,NA,NA,1.0413993744673,1.23997704204418
1029,NA,NA,NA,NA,NA,NA,NA,NA,NA,NA,NA,0.95729233006929,1.05134483153055
1030,NA,NA,NA,NA,NA,NA,NA,NA,NA,NA,NA,0.99616701637721,0.889847533489091
1031,NA,NA,NA,NA,NA,NA,NA,NA,NA,NA,NA,1.00102427926293,0.993638212982839
1032,NA,NA,NA,NA,NA,NA,NA,NA,NA,NA,NA,1.04679496776425,1.08511864931098
1033,NA,NA,NA,NA,NA,NA,NA,NA,NA,NA,NA,1.12328654360523,1.29369089714581
1034,NA,NA,NA,NA,NA,NA,NA,NA,NA,NA,NA,1.07056094173714,1.23562342062553
1035,NA,NA,NA,NA,NA,NA,NA,NA,NA,NA,NA,1.01543476461796,1.07100472490785
1036,NA,NA,NA,NA,NA,NA,NA,NA,NA,NA,NA,1.04841119141326,1.13268780252722
1037,NA,NA,NA,NA,NA,NA,NA,NA,NA,NA,NA,0.987132879768815,1.17318613806703
1038,NA,NA,NA,NA,NA,NA,NA,NA,NA,NA,NA,0.915034699050216,0.929842554065309
1039,NA,NA,NA,NA,NA,NA,NA,NA,NA,NA,NA,0.928161807777548,0.715854394046906
1040,NA,NA,NA,NA,NA,NA,NA,NA,NA,NA,NA,0.986787667811601,0.792366615641096
1041,NA,NA,NA,NA,NA,NA,NA,NA,NA,NA,NA,0.991279607141488,0.750687612036875
1042,NA,NA,NA,NA,NA,NA,NA,NA,NA,NA,NA,0.87091578364965,0.763894942241859
1043,NA,NA,NA,NA,NA,NA,NA,NA,NA,NA,NA,1.01935327106837,1.08331868840799
1044,NA,NA,NA,NA,NA,NA,NA,NA,NA,NA,NA,1.03666994824481,1.09749562596411
1045,NA,NA,NA,NA,NA,NA,NA,NA,NA,NA,NA,1.01789306843217,1.1312850363458
1046,NA,NA,NA,NA,NA,NA,NA,NA,NA,NA,NA,1.03066749406568,1.05730244728829
1047,NA,NA,NA,NA,NA,NA,NA,NA,NA,NA,NA,0.992702805939824,0.896987047389166
1048,NA,NA,NA,NA,NA,NA,NA,NA,NA,NA,NA,1.02685097080547,1.02425625667002
1049,NA,NA,NA,NA,NA,NA,NA,NA,NA,NA,NA,0.980586861116636,0.971395527465935
1050,NA,NA,NA,NA,NA,NA,NA,NA,NA,NA,NA,0.994480794664492,0.820535796385716
1051,NA,NA,NA,NA,NA,NA,NA,NA,NA,NA,NA,1.01378857273832,0.989741391972816
1052,NA,NA,NA,NA,NA,NA,NA,NA,NA,NA,NA,0.987011056858435,0.979482810941819
1053,NA,NA,NA,NA,NA,NA,NA,NA,NA,NA,NA,0.977417943209975,0.873197682716761
1054,NA,NA,NA,NA,NA,NA,NA,NA,NA,NA,NA,1.02039324138429,1.04724954665827
1055,NA,NA,NA,NA,NA,NA,NA,NA,NA,NA,NA,0.996422186912426,1.01440990447256
1056,NA,NA,NA,NA,NA,NA,NA,NA,NA,NA,NA,0.998014171867948,0.989817565289024
1057,NA,NA,NA,NA,NA,NA,NA,NA,NA,NA,NA,0.983987164025623,1.04012739050631
1058,NA,NA,NA,NA,NA,NA,NA,NA,NA,NA,NA,0.98399841993055,1.0642507735208
1059,NA,NA,NA,NA,NA,NA,NA,NA,NA,NA,NA,0.973031150518206,0.734735592650841
1060,NA,NA,NA,NA,NA,NA,NA,NA,NA,NA,NA,0.919953635090901,0.871608011898605
1061,NA,NA,NA,NA,NA,NA,NA,NA,NA,NA,NA,1.03559060600439,1.05612247695465
1062,NA,NA,NA,NA,NA,NA,NA,NA,NA,NA,NA,1.0238841867563,1.01961127666772
1063,NA,NA,NA,NA,NA,NA,NA,NA,NA,NA,NA,0.961831655833966,0.965383589662281
1064,NA,NA,NA,NA,NA,NA,NA,NA,NA,NA,NA,0.94594777445422,0.970662029559525
1065,NA,NA,NA,NA,NA,NA,NA,NA,NA,NA,NA,0.936177350405676,1.04712898337009
1066,NA,NA,NA,NA,NA,NA,NA,NA,NA,NA,NA,0.949580833342979,0.859011830753507
1067,NA,NA,NA,NA,NA,NA,NA,NA,NA,NA,NA,0.978706115713714,0.954218363446726
1068,NA,NA,NA,NA,NA,NA,NA,NA,NA,NA,NA,0.938535831210626,0.845313785427083
1069,NA,NA,NA,NA,NA,NA,NA,NA,NA,NA,NA,1.05017142451447,1.06300205683093
1070,NA,NA,NA,NA,NA,NA,NA,NA,NA,NA,NA,1.05353074439913,1.21565975431309
1071,NA,NA,NA,NA,NA,NA,NA,NA,NA,NA,NA,0.934229513596916,1.1955069691168
1072,NA,NA,NA,NA,NA,NA,NA,NA,NA,NA,NA,0.969120501002402,1.12150645433475
1073,NA,NA,NA,NA,NA,NA,NA,NA,NA,NA,NA,0.907679436189134,1.00545145945609
1074,NA,NA,NA,NA,NA,NA,NA,NA,NA,NA,NA,0.873482805330569,0.707650996724194
1075,NA,NA,NA,NA,NA,NA,NA,NA,NA,NA,NA,0.880550819291261,0.78362049459269
1076,NA,NA,NA,NA,NA,NA,NA,NA,NA,NA,NA,0.896206953316647,0.827087121519282
1077,NA,NA,NA,NA,NA,NA,NA,NA,NA,NA,NA,0.928418735392644,0.720704730118523
1078,NA,NA,NA,NA,NA,NA,NA,NA,NA,NA,NA,NA,0.755580110898329
1079,NA,NA,NA,NA,NA,NA,NA,NA,NA,NA,NA,NA,1.04444592269602
1080,NA,NA,NA,NA,NA,NA,NA,NA,NA,NA,NA,NA,0.902308003247041
1081,NA,NA,NA,NA,NA,NA,NA,NA,NA,NA,NA,NA,0.663730813699171
1082,NA,NA,NA,NA,NA,NA,NA,NA,NA,NA,NA,NA,0.800149938793487
1083,NA,NA,NA,NA,NA,NA,NA,NA,NA,NA,NA,NA,0.771381305368448
1084,NA,NA,NA,NA,NA,NA,NA,NA,NA,NA,NA,NA,1.06477162399528
1085,NA,NA,NA,NA,NA,NA,NA,NA,NA,NA,NA,NA,0.919380976373469
1086,NA,NA,NA,NA,NA,NA,NA,NA,NA,NA,NA,NA,1.02222863627859
1087,NA,NA,NA,NA,NA,NA,NA,NA,NA,NA,NA,NA,0.93900056473968
1088,NA,NA,NA,NA,NA,NA,NA,NA,NA,NA,NA,NA,0.811556170233711
1089,NA,NA,NA,NA,NA,NA,NA,NA,NA,NA,NA,NA,0.802279516865398
1090,NA,NA,NA,NA,NA,NA,NA,NA,NA,NA,NA,NA,0.803477030748111
1091,NA,NA,NA,NA,NA,NA,NA,NA,NA,NA,NA,NA,0.776270180396701
1092,NA,NA,NA,NA,NA,NA,NA,NA,NA,NA,NA,NA,0.932119174714176
1093,NA,NA,NA,NA,NA,NA,NA,NA,NA,NA,NA,NA,0.926757266832402
1094,NA,NA,NA,NA,NA,NA,NA,NA,NA,NA,NA,NA,0.950122554760427
1095,NA,NA,NA,NA,NA,NA,NA,NA,NA,NA,NA,NA,0.918009498307581
1096,NA,NA,NA,NA,NA,NA,NA,NA,NA,NA,NA,NA,0.995121532664259
1097,NA,NA,NA,NA,NA,NA,NA,NA,NA,NA,NA,NA,1.11182434491785
1098,NA,NA,NA,NA,NA,NA,NA,NA,NA,NA,NA,NA,0.979719709438763
1099,NA,NA,NA,NA,NA,NA,NA,NA,NA,NA,NA,NA,1.054794641981
1100,NA,NA,NA,NA,NA,NA,NA,NA,NA,NA,NA,NA,1.10893215711862
1101,NA,NA,NA,NA,NA,NA,NA,NA,NA,NA,NA,NA,1.14220423778983
1102,NA,NA,NA,NA,NA,NA,NA,NA,NA,NA,NA,NA,1.02847422705337
1103,NA,NA,NA,NA,NA,NA,NA,NA,NA,NA,NA,NA,0.99495151220204
1104,NA,NA,NA,NA,NA,NA,NA,NA,NA,NA,NA,NA,1.1091140969275
1105,NA,NA,NA,NA,NA,NA,NA,NA,NA,NA,NA,NA,1.05731877088554
1106,NA,NA,NA,NA,NA,NA,NA,NA,NA,NA,NA,NA,0.901543648934468
1107,NA,NA,NA,NA,NA,NA,NA,NA,NA,NA,NA,NA,1.01013595184843
1108,NA,NA,NA,NA,NA,NA,NA,NA,NA,NA,NA,NA,1.08100547026508
1109,NA,NA,NA,NA,NA,NA,NA,NA,NA,NA,NA,NA,1.15459065787877
1110,NA,NA,NA,NA,NA,NA,NA,NA,NA,NA,NA,NA,0.79475157320895
1111,NA,NA,NA,NA,NA,NA,NA,NA,NA,NA,NA,NA,1.02520950736817
1112,NA,NA,NA,NA,NA,NA,NA,NA,NA,NA,NA,NA,1.17681831035002
1113,NA,NA,NA,NA,NA,NA,NA,NA,NA,NA,NA,NA,1.21470001493203
1114,NA,NA,NA,NA,NA,NA,NA,NA,NA,NA,NA,NA,1.20260907683482
1115,NA,NA,NA,NA,NA,NA,NA,NA,NA,NA,NA,NA,0.975869979435703
1116,NA,NA,NA,NA,NA,NA,NA,NA,NA,NA,NA,NA,1.01216876009374
1117,NA,NA,NA,NA,NA,NA,NA,NA,NA,NA,NA,NA,1.15145484454815
1118,NA,NA,NA,NA,NA,NA,NA,NA,NA,NA,NA,NA,1.10078528639767
1119,NA,NA,NA,NA,NA,NA,NA,NA,NA,NA,NA,NA,0.934834899645686
1120,NA,NA,NA,NA,NA,NA,NA,NA,NA,NA,NA,NA,0.926750589560536
1121,NA,NA,NA,NA,NA,NA,NA,NA,NA,NA,NA,NA,0.882548941496608
1122,NA,NA,NA,NA,NA,NA,NA,NA,NA,NA,NA,NA,1.05352164407644
1123,NA,NA,NA,NA,NA,NA,NA,NA,NA,NA,NA,NA,0.957882146859584
1124,NA,NA,NA,NA,NA,NA,NA,NA,NA,NA,NA,NA,0.832391008229785
1125,NA,NA,NA,NA,NA,NA,NA,NA,NA,NA,NA,NA,0.874431534302817
1126,NA,NA,NA,NA,NA,NA,NA,NA,NA,NA,NA,NA,1.01273441011071
1127,NA,NA,NA,NA,NA,NA,NA,NA,NA,NA,NA,NA,1.03972575533174
1128,NA,NA,NA,NA,NA,NA,NA,NA,NA,NA,NA,NA,0.915273144006864
1129,NA,NA,NA,NA,NA,NA,NA,NA,NA,NA,NA,NA,1.01933094790103
1130,NA,NA,NA,NA,NA,NA,NA,NA,NA,NA,NA,NA,0.967222778326761
1131,NA,NA,NA,NA,NA,NA,NA,NA,NA,NA,NA,NA,1.0909424932234
1132,NA,NA,NA,NA,NA,NA,NA,NA,NA,NA,NA,NA,1.1707865486386
1133,NA,NA,NA,NA,NA,NA,NA,NA,NA,NA,NA,NA,1.13435618070478
1134,NA,NA,NA,NA,NA,NA,NA,NA,NA,NA,NA,NA,1.10385264841805
1135,NA,NA,NA,NA,NA,NA,NA,NA,NA,NA,NA,NA,1.36351052580053
1136,NA,NA,NA,NA,NA,NA,NA,NA,NA,NA,NA,NA,1.19964294329925
1137,NA,NA,NA,NA,NA,NA,NA,NA,NA,NA,NA,NA,1.17336722127799
1138,NA,NA,NA,NA,NA,NA,NA,NA,NA,NA,NA,NA,1.28941753721876
1139,NA,NA,NA,NA,NA,NA,NA,NA,NA,NA,NA,NA,1.01309438675453
1140,NA,NA,NA,NA,NA,NA,NA,NA,NA,NA,NA,NA,1.13924553977009
1141,NA,NA,NA,NA,NA,NA,NA,NA,NA,NA,NA,NA,1.17582304483449
1142,NA,NA,NA,NA,NA,NA,NA,NA,NA,NA,NA,NA,1.14318975110331
1143,NA,NA,NA,NA,NA,NA,NA,NA,NA,NA,NA,NA,1.136389636118
1144,NA,NA,NA,NA,NA,NA,NA,NA,NA,NA,0.912489263991416,NA,0.794260538531012
1145,NA,NA,NA,NA,NA,NA,NA,NA,NA,NA,0.945555530786066,NA,0.966534878181578
1146,NA,NA,NA,NA,NA,NA,NA,NA,NA,NA,0.955906784775347,NA,0.891052744891022
1147,NA,NA,NA,NA,NA,NA,NA,NA,NA,NA,0.975377227476262,NA,1.06410922976459
1148,NA,NA,NA,NA,NA,NA,NA,NA,NA,NA,0.933178354045527,NA,0.916260616070265
1149,NA,NA,NA,NA,NA,NA,NA,NA,NA,NA,0.998049508177575,NA,1.199419210703
1150,NA,NA,NA,NA,NA,NA,NA,NA,NA,NA,0.936616610446908,NA,0.866968033147374
1151,NA,NA,NA,NA,NA,NA,NA,NA,NA,NA,0.967964718838764,NA,0.86533378383749
1152,NA,NA,NA,NA,NA,NA,NA,NA,NA,NA,0.963471604491097,NA,0.930589139892842
1153,NA,NA,NA,NA,NA,NA,NA,NA,NA,NA,0.922373874311,NA,0.932567748600168
1154,NA,NA,NA,NA,NA,NA,NA,NA,NA,NA,0.906004838460251,NA,0.974414985294853
1155,NA,NA,NA,NA,NA,NA,NA,NA,NA,NA,0.943883607690692,NA,0.858794755741295
1156,NA,NA,NA,NA,NA,NA,NA,NA,NA,NA,1.01041907760046,NA,0.929869741540017
1157,NA,NA,NA,NA,NA,NA,NA,NA,NA,NA,1.11477706644462,NA,1.0022798940942
1158,NA,NA,NA,NA,NA,NA,NA,NA,NA,NA,0.991032909616514,NA,0.982435501500057
1159,NA,NA,NA,NA,NA,NA,NA,NA,NA,NA,0.930254864814284,NA,1.13350869108569
1160,NA,NA,NA,NA,NA,NA,NA,NA,NA,NA,0.994419009877756,NA,0.939257611109219
1161,NA,NA,NA,NA,NA,NA,NA,NA,NA,NA,0.991153619359098,NA,1.03341601536527
1162,NA,NA,NA,NA,NA,NA,NA,NA,NA,NA,1.06525591903046,NA,1.22597124178303
1163,NA,NA,NA,NA,NA,NA,NA,NA,NA,NA,1.00705060655518,NA,0.967061009044369
1164,NA,NA,NA,NA,NA,NA,NA,NA,NA,NA,0.820184464663512,NA,0.779444799577856
1165,NA,NA,NA,NA,NA,NA,NA,NA,NA,NA,0.822239114848942,NA,0.959669947901749
1166,NA,NA,NA,NA,NA,NA,NA,NA,NA,NA,0.98551471347968,NA,1.02002367578811
1167,NA,NA,NA,NA,NA,NA,NA,NA,NA,NA,0.960923061780951,NA,0.988157857525802
1168,NA,NA,NA,NA,NA,NA,NA,NA,NA,NA,0.976327057886845,NA,1.06945202952452
1169,NA,NA,NA,NA,NA,NA,NA,NA,NA,NA,0.947419732649487,NA,0.89076489454719
1170,NA,NA,NA,NA,NA,NA,NA,NA,NA,NA,0.962410963010356,NA,1.02677362950644
1171,NA,NA,NA,NA,NA,NA,NA,NA,NA,NA,1.01737724322461,NA,1.03866278419513
1172,NA,NA,NA,NA,NA,NA,NA,NA,NA,NA,0.98444491870211,NA,1.10663543895855
1173,NA,NA,NA,NA,NA,NA,NA,NA,NA,NA,0.939047675076255,NA,0.938829011628922
1174,NA,NA,NA,NA,NA,NA,NA,NA,NA,NA,0.97184162616269,NA,0.926138233125161
1175,NA,NA,NA,NA,NA,NA,NA,NA,NA,NA,0.910869511974756,NA,0.821967882530245
1176,NA,NA,NA,NA,NA,NA,NA,NA,NA,NA,0.938836869655551,NA,0.751145588759819
1177,NA,NA,NA,NA,NA,NA,NA,NA,NA,NA,0.974488100794053,NA,0.818295952800713
1178,NA,NA,NA,NA,NA,NA,NA,NA,NA,NA,0.989554506871926,NA,0.814983931006385
1179,NA,NA,NA,NA,NA,NA,NA,NA,NA,NA,0.934147978194377,NA,0.941289970458687
1180,NA,NA,NA,NA,NA,NA,NA,NA,NA,NA,1.01659251620814,NA,1.03463261296637
1181,NA,NA,NA,NA,NA,NA,NA,NA,NA,NA,0.948752678881496,NA,0.897872638392832
1182,NA,NA,NA,NA,NA,NA,NA,NA,NA,NA,0.86815530199042,NA,0.85721705572387
1183,NA,NA,NA,NA,NA,NA,NA,NA,NA,NA,0.962208576864453,NA,1.02143302212034
1184,NA,NA,NA,NA,NA,NA,NA,NA,NA,NA,1.00281223247593,NA,0.961198648348491
1185,NA,NA,NA,NA,NA,NA,NA,NA,NA,NA,0.999993500570591,NA,0.965868282588302
1186,NA,NA,NA,NA,NA,NA,NA,NA,NA,NA,0.971496535773048,NA,0.845072380619576
1187,NA,NA,NA,NA,NA,NA,NA,NA,NA,NA,0.991834499335354,NA,0.875039833657076
1188,NA,NA,NA,NA,NA,NA,NA,NA,NA,NA,0.981519281812379,NA,0.769571462803342
1189,NA,NA,NA,NA,NA,NA,NA,NA,NA,NA,0.912094467569988,NA,0.591324959392489
1190,NA,NA,NA,NA,NA,NA,NA,NA,NA,NA,0.828481989881934,NA,0.742610474377691
1191,NA,NA,NA,NA,NA,NA,NA,NA,NA,NA,0.862940275089327,NA,0.916167620633084
1192,NA,NA,NA,NA,NA,NA,NA,NA,NA,NA,0.914545609106686,NA,0.899480265494277
1193,NA,NA,NA,NA,NA,NA,NA,NA,NA,NA,0.953034174636534,NA,1.02679678543689
1194,NA,NA,NA,NA,NA,NA,NA,NA,NA,NA,0.920553084502218,NA,0.957840868920493
1195,NA,NA,NA,NA,NA,NA,NA,NA,NA,NA,0.926349432154468,NA,0.48907061615702
1196,NA,NA,NA,NA,NA,NA,NA,NA,NA,NA,1.02398501729207,NA,0.97688472084834
1197,NA,NA,NA,NA,NA,NA,NA,NA,NA,NA,0.918757325815986,NA,0.784069498299667
1198,NA,NA,NA,NA,NA,NA,NA,NA,NA,NA,0.900695023751569,NA,0.766579521105365
1199,NA,NA,NA,NA,NA,NA,NA,NA,NA,1.01661656163274,1.00774899931627,NA,0.994745290070608
1200,NA,NA,NA,NA,NA,NA,NA,NA,NA,0.933508319765185,0.953097768396623,NA,0.964673530626357
1201,NA,NA,NA,NA,NA,NA,NA,NA,NA,1.0081486881321,0.995227860948379,NA,1.22785361851979
1202,NA,NA,NA,NA,NA,NA,NA,NA,NA,0.831869801682795,0.834421126124642,NA,0.835727241088745
1203,NA,NA,NA,NA,NA,NA,NA,NA,NA,0.847010160662999,0.878507379873488,NA,1.0083265482221
1204,NA,NA,NA,NA,NA,NA,NA,NA,NA,0.970004908901174,0.968969482504785,NA,1.125185988359
1205,NA,NA,NA,NA,NA,NA,NA,NA,NA,1.00229338161439,0.952349354063881,NA,1.1362214099538
1206,NA,NA,NA,NA,NA,NA,NA,NA,NA,1.0753116598469,0.995730391131781,NA,1.00356445389638
1207,NA,NA,NA,NA,NA,NA,NA,NA,NA,1.00165312568335,0.956798102828071,NA,0.895588296588214
1208,NA,NA,NA,NA,NA,NA,NA,NA,NA,1.02759400790683,1.04441703054398,NA,0.87278764112958
1209,NA,NA,NA,NA,NA,NA,NA,NA,NA,1.0937970453944,1.07712956752286,NA,1.14000759249615
1210,NA,NA,NA,NA,NA,NA,NA,NA,NA,1.04456336043635,1.11759248923424,NA,1.09673897674597
1211,NA,NA,NA,NA,NA,NA,NA,NA,NA,1.06311523667568,1.14753439231806,NA,1.02577237903968
1212,NA,NA,NA,NA,NA,NA,NA,NA,NA,0.949396534559327,0.994321696058313,NA,0.929415344189223
1213,NA,NA,NA,NA,NA,NA,NA,NA,NA,1.06587626131082,1.07016373045071,NA,1.10867316862756
1214,NA,NA,NA,NA,NA,NA,NA,NA,NA,1.04170117392452,1.03351762354631,NA,1.02005459490726
1215,NA,NA,NA,NA,NA,NA,NA,NA,NA,0.945775085120033,0.92206823577821,NA,0.913180487457072
1216,NA,NA,NA,NA,NA,NA,NA,NA,NA,1.05027767590233,1.06275976308975,NA,1.0590893358569
1217,NA,NA,NA,NA,NA,NA,NA,NA,NA,1.06679698992389,1.07942194161819,NA,1.18999496418723
1218,NA,NA,NA,NA,NA,NA,NA,NA,NA,0.972613952878911,1.04749382508594,NA,1.07639772214567
1219,NA,NA,NA,NA,NA,NA,NA,NA,NA,1.04291282001176,1.15346801948296,NA,1.17886656307219
1220,NA,NA,NA,NA,NA,NA,NA,NA,NA,1.03333182096376,1.09868000358264,NA,1.1433715597743
1221,NA,NA,NA,NA,NA,NA,NA,NA,NA,1.07089702811129,1.01922610384069,NA,1.25448132745536
1222,NA,NA,NA,NA,NA,NA,NA,NA,NA,0.970464931490168,0.932888779475214,NA,0.932643840168697
1223,NA,NA,NA,NA,NA,NA,NA,NA,NA,1.04698360173452,0.973004083674349,NA,0.995525411514467
1224,NA,NA,NA,NA,NA,NA,NA,NA,NA,1.0757362742142,1.07796326531495,NA,0.979384744454791
1225,NA,NA,NA,NA,NA,NA,NA,NA,NA,1.0972479581698,1.07679633109709,NA,0.963985637921523
1226,NA,NA,NA,NA,NA,NA,NA,NA,NA,1.04425090050071,1.05263803509021,NA,0.917289054065174
1227,NA,NA,NA,NA,NA,NA,NA,NA,NA,1.10738059264191,1.09667650583036,NA,1.00047790020659
1228,NA,NA,NA,NA,NA,NA,NA,NA,NA,1.04318974728746,1.0547786833132,NA,0.923036721047065
1229,NA,NA,NA,NA,NA,NA,NA,NA,NA,1.06381323368321,1.01585494585865,NA,0.857443236689675
1230,NA,NA,NA,NA,NA,NA,NA,NA,NA,1.00913367806232,0.997667279741088,NA,0.894914477816826
1231,NA,NA,NA,NA,NA,NA,NA,NA,NA,1.03662967555563,1.01941363968453,NA,0.944443487227783
1232,NA,NA,NA,NA,NA,NA,NA,NA,NA,0.981071799179981,1.02079126045538,NA,0.975983507873395
1233,NA,NA,NA,NA,NA,NA,NA,NA,NA,1.02605626252081,1.06907937811715,NA,1.2190003152909
1234,NA,NA,NA,NA,NA,NA,NA,NA,NA,1.07187357381589,1.13366045133993,NA,1.13372587167219
1235,NA,NA,NA,NA,NA,NA,NA,NA,NA,1.02541565603087,1.06331046690079,NA,1.07374694147607
1236,NA,NA,NA,NA,NA,NA,NA,NA,NA,1.05237855732175,1.06614848970701,NA,1.02746349719541
1237,NA,NA,NA,NA,NA,NA,NA,NA,NA,1.06261885685439,1.09864366688948,NA,1.18831554057515
1238,NA,NA,NA,NA,NA,NA,NA,NA,NA,0.929280113489181,0.906386307973049,NA,0.963533566485544
1239,NA,NA,NA,NA,NA,NA,NA,NA,NA,0.918520016799799,0.954381801299106,NA,1.114737407522
1240,NA,NA,NA,NA,NA,NA,NA,NA,NA,0.955168315250354,0.8868386825659,NA,1.03790912536591
1241,NA,NA,NA,NA,NA,NA,NA,NA,NA,0.913394050726982,0.844612638052019,NA,0.972451109483693
1242,NA,NA,NA,NA,NA,NA,NA,NA,NA,0.881871912537384,0.53891820063519,NA,0.97405027201245
1243,NA,NA,NA,NA,NA,NA,NA,NA,NA,0.938941859737031,NA,NA,0.970047386231794
1244,NA,NA,NA,NA,NA,NA,NA,NA,NA,0.99743913435158,0.865823163809286,NA,1.04851942080813
1245,NA,NA,NA,NA,NA,NA,NA,NA,NA,0.961830296914465,0.838778132573614,NA,1.13578286784136
1246,NA,NA,NA,NA,NA,NA,NA,NA,NA,0.887434754457659,0.709852696007724,NA,1.11639565762539
1247,NA,NA,NA,NA,NA,NA,NA,NA,NA,1.00271984027792,0.939158510810252,NA,1.17618997780773
1248,NA,NA,NA,NA,NA,NA,NA,NA,NA,0.980908131636064,0.970126135731995,NA,1.12695176104951
1249,NA,NA,NA,NA,NA,NA,NA,NA,NA,0.986111316424882,1.07196681793317,NA,0.992480589116046
1250,NA,NA,NA,NA,NA,NA,NA,NA,NA,1.04349416810109,1.09667258504541,NA,1.12734381120353
1251,NA,NA,NA,NA,NA,NA,NA,NA,NA,1.14424891709244,1.1062469427507,NA,1.22924548545363
1252,NA,NA,NA,NA,NA,NA,NA,NA,NA,1.03075710212973,1.01499603504004,NA,1.02359649433708
1253,NA,NA,NA,NA,NA,NA,NA,NA,NA,1.14945898607883,1.1463721531443,NA,1.29019827944806
1254,NA,NA,NA,NA,NA,NA,NA,NA,NA,1.04301385814061,1.05871683781091,NA,1.12462931609285
1255,NA,NA,NA,NA,NA,NA,NA,NA,NA,0.926295581506243,0.95946677199346,NA,0.914865828274624
1256,NA,NA,NA,NA,NA,NA,NA,NA,NA,0.925723669380226,0.96403695207637,NA,0.772865935559917
1257,NA,NA,NA,NA,NA,NA,NA,NA,NA,1.05722576379807,1.07378235704083,NA,0.94050921258835
1258,NA,NA,NA,NA,NA,NA,NA,NA,NA,1.01036665930244,1.02500574422747,NA,0.897840807937479
1259,NA,NA,NA,NA,NA,NA,NA,NA,NA,0.955644086848967,0.987251944884845,NA,0.890779494405717
1260,NA,NA,NA,NA,NA,NA,NA,NA,NA,0.978340809769352,1.02254522832602,NA,0.962568711010353
1261,NA,NA,NA,NA,NA,NA,NA,NA,NA,1.00238041216888,1.08635217339169,NA,0.900799495850226
1262,NA,NA,NA,NA,NA,NA,NA,NA,NA,0.82298165793465,0.951594223826724,NA,0.844219755505578
1263,NA,NA,NA,NA,NA,NA,NA,NA,NA,0.802621942390333,0.921381760967913,NA,0.624600626671488
1264,NA,NA,NA,NA,NA,NA,NA,NA,NA,1.02411867847683,1.07856836312564,NA,0.89680713316956
1265,NA,NA,NA,NA,NA,NA,NA,NA,NA,1.0260957980609,1.05098393327249,NA,1.13307724159641
1266,NA,NA,NA,NA,NA,NA,NA,NA,NA,1.08255038615391,1.10982270539613,NA,1.03335279950707
1267,NA,NA,NA,NA,NA,NA,NA,NA,NA,0.850141070530262,0.888330389406979,NA,0.930794184250839
1268,NA,NA,NA,NA,NA,NA,NA,NA,NA,1.00619009739153,0.961969440535893,NA,1.13050926425602
1269,NA,NA,NA,NA,NA,NA,NA,NA,NA,1.10608422939503,1.0898841354296,NA,1.00536311931018
1270,NA,NA,NA,NA,NA,NA,NA,NA,NA,1.10368702551355,1.05756853590867,NA,1.01606216209615
1271,NA,NA,NA,NA,NA,NA,NA,NA,NA,1.09840811527049,1.15233623155755,NA,1.00742851015686
1272,NA,NA,NA,NA,NA,NA,NA,NA,NA,1.12903077039996,1.19345507659644,NA,1.05004327996465
1273,NA,NA,NA,NA,NA,NA,NA,NA,NA,1.07892834584591,1.20441727720327,NA,1.09966993226536
1274,NA,NA,NA,NA,NA,NA,NA,NA,NA,1.01465242909521,1.13759584214775,NA,1.00674566533989
1275,NA,NA,NA,NA,NA,NA,NA,NA,NA,1.0301683554566,1.08945683029741,NA,1.12698955803855
1276,NA,NA,NA,NA,NA,NA,NA,NA,NA,0.997900243155656,0.980302178260921,NA,0.969182136842264
1277,NA,NA,NA,NA,NA,NA,NA,NA,NA,1.04166183006147,1.08435770970137,NA,1.1220007588508
1278,NA,NA,NA,NA,NA,NA,NA,NA,NA,0.999882344764153,1.00650106036296,NA,1.03216706064286
1279,NA,NA,NA,NA,NA,NA,NA,NA,NA,1.0088270721793,1.01814262785291,NA,0.92281743587466
1280,NA,NA,NA,NA,NA,NA,NA,NA,NA,0.992408827387912,0.965857048057273,NA,0.962828724383155
1281,NA,NA,NA,NA,NA,NA,NA,NA,NA,1.02007529316162,0.966907364211586,NA,0.823248067055065
1282,NA,NA,NA,NA,NA,NA,NA,NA,NA,1.07656401812224,0.993311625726386,NA,0.93323098903316
1283,NA,NA,NA,NA,NA,NA,NA,NA,NA,1.07850050488956,1.02392787990658,NA,1.02318291099182
1284,NA,NA,NA,NA,NA,NA,NA,NA,NA,1.07118230871845,1.1498912439359,NA,1.03122807150511
1285,NA,NA,NA,NA,NA,NA,NA,NA,NA,1.19733212608526,1.21225978974081,NA,0.910651062147123
1286,NA,NA,NA,NA,NA,NA,NA,NA,NA,1.08212982943405,1.23388093768714,NA,1.04874225893851
1287,NA,NA,NA,NA,NA,NA,NA,NA,NA,1.05492432008029,1.11677901671764,NA,0.913978533800056
1288,NA,NA,NA,NA,NA,NA,NA,NA,NA,1.08938366336639,1.11067284592382,NA,1.05258106855043
1289,NA,NA,NA,NA,NA,NA,NA,NA,NA,1.05295792398024,1.03269205086621,NA,0.983843494725356
1290,NA,NA,NA,NA,NA,NA,NA,NA,NA,1.09485100927976,0.986444382894588,NA,0.941466674184277
1291,NA,NA,NA,NA,NA,NA,NA,NA,NA,1.1032571684235,1.00853828384451,NA,1.06748317863468
1292,NA,NA,NA,NA,NA,NA,NA,NA,NA,1.13436830497934,1.01306761324632,NA,1.17407982521697
1293,NA,NA,NA,NA,NA,NA,NA,NA,NA,0.973093842969688,0.86890733485176,NA,0.859058314919326
1294,NA,NA,NA,NA,NA,NA,NA,NA,NA,1.05767691226585,0.991816523406601,NA,1.20273871182391
1295,NA,NA,NA,NA,NA,NA,NA,NA,NA,1.03536117329492,0.99960584067539,NA,1.18191069312599
1296,NA,NA,NA,NA,NA,NA,NA,NA,NA,0.9901364629829,0.962996063777167,NA,NA
1297,NA,NA,NA,NA,NA,NA,NA,NA,NA,1.08249219188195,0.963149400247768,NA,NA
1298,NA,NA,NA,NA,NA,NA,NA,NA,NA,1.06653236018566,1.07066910936384,NA,NA
1299,NA,NA,NA,NA,NA,NA,NA,NA,NA,1.0056323559283,0.978378366662401,NA,NA
1300,NA,NA,NA,NA,NA,NA,NA,NA,NA,0.967909564457225,0.865094529440246,NA,NA
1301,NA,NA,NA,NA,NA,NA,NA,NA,NA,1.06758588606751,0.925615160447416,NA,NA
1302,NA,NA,NA,NA,NA,NA,NA,NA,NA,0.940087880187019,0.898262756088677,NA,NA
1303,NA,NA,NA,NA,NA,NA,NA,NA,NA,0.896793078747611,0.85935734918583,NA,NA
1304,NA,NA,NA,NA,NA,NA,NA,NA,NA,1.04340080900236,1.02348337467274,NA,NA
1305,NA,NA,NA,NA,NA,NA,NA,NA,NA,0.959422160895989,0.997289755576349,NA,NA
1306,NA,NA,NA,NA,NA,NA,NA,NA,NA,0.951297004544178,1.0441407967996,NA,NA
1307,NA,NA,NA,NA,NA,NA,NA,NA,NA,1.05829518484024,1.08214842506573,NA,NA
1308,NA,NA,NA,NA,NA,NA,NA,NA,NA,0.975999365235689,0.99845081956303,NA,NA
1309,NA,NA,NA,NA,NA,NA,NA,NA,NA,1.00461767514004,0.981344582104258,NA,NA
1310,NA,NA,NA,NA,NA,NA,NA,NA,NA,1.00396279228124,1.02359781196666,NA,NA
1311,NA,NA,NA,NA,NA,NA,NA,NA,NA,1.10515525897751,1.0577419959205,NA,NA
1312,NA,NA,NA,NA,NA,NA,NA,NA,NA,1.08971394459706,1.02736699528898,NA,NA
1313,NA,NA,NA,NA,NA,NA,NA,NA,NA,0.975760004890768,0.990607741313209,NA,NA
1314,NA,NA,NA,NA,NA,NA,NA,NA,NA,0.990814894219403,1.05434178414498,NA,NA
1315,NA,NA,NA,NA,NA,NA,NA,NA,NA,0.998699149391145,1.04274039423708,NA,NA
1316,NA,NA,NA,NA,NA,NA,NA,NA,NA,1.02129773169715,1.10283814289925,NA,NA
1317,NA,NA,NA,NA,NA,NA,NA,NA,NA,0.999492537563289,1.1582190977486,NA,NA
1318,NA,NA,NA,NA,NA,NA,NA,NA,NA,1.0124691794322,1.18483675579844,NA,NA
1319,NA,NA,NA,NA,NA,NA,NA,NA,NA,0.985592593608669,1.0879850910707,NA,NA
1320,NA,NA,NA,NA,NA,NA,NA,NA,NA,1.08137872359449,1.17264141070946,NA,NA
1321,NA,NA,NA,NA,NA,NA,NA,NA,NA,1.06496287763183,1.17508327668355,NA,NA
1322,NA,NA,NA,NA,NA,NA,NA,NA,NA,0.944546176353344,1.06125435036934,NA,NA
1323,NA,NA,NA,NA,NA,NA,NA,NA,NA,1.07586803524577,1.12073578649706,NA,NA
1324,NA,NA,NA,NA,NA,NA,NA,NA,NA,0.95717256924117,1.04142227926841,NA,NA
1325,NA,NA,NA,NA,NA,NA,NA,NA,NA,1.00525232951274,1.0482244892862,NA,NA
1326,NA,NA,NA,NA,NA,NA,NA,NA,NA,1.02069180785283,1.05295883050347,NA,NA
1327,NA,NA,NA,NA,NA,NA,NA,NA,NA,1.08574590036171,1.08580332561643,NA,NA
1328,NA,NA,NA,NA,NA,NA,NA,NA,NA,0.917454721504008,0.963973272999028,NA,NA
1329,NA,NA,NA,NA,NA,NA,NA,NA,NA,1.00240267359233,1.05989158095844,NA,NA
1330,NA,NA,NA,NA,NA,NA,NA,NA,NA,1.07359993877961,1.03288635422343,NA,NA
1331,NA,NA,NA,NA,NA,NA,NA,NA,NA,1.11251326672196,1.02958161628493,NA,NA
1332,NA,NA,NA,NA,NA,NA,NA,NA,NA,0.986175727109485,1.06547663658849,NA,NA
1333,NA,NA,NA,NA,NA,NA,NA,NA,NA,0.970156956746357,1.05676917326911,NA,NA
1334,NA,NA,NA,NA,NA,NA,NA,NA,NA,1.08923615380644,1.16743591607107,NA,NA
1335,NA,NA,NA,NA,NA,NA,NA,NA,NA,1.02755865210143,1.05970517949208,NA,NA
1336,NA,NA,NA,NA,NA,NA,NA,NA,NA,1.0483251047067,0.999606929910333,NA,NA
1337,NA,NA,NA,NA,NA,NA,NA,NA,NA,0.963819578128777,0.979829976495146,NA,NA
1338,NA,NA,NA,NA,NA,NA,NA,NA,NA,0.999884919517183,0.963034008605372,NA,NA
1339,NA,NA,NA,NA,NA,NA,NA,NA,NA,1.04039937989822,1.0507351036179,NA,NA
1340,NA,NA,NA,NA,NA,NA,NA,NA,NA,1.01900971077878,1.016896953246,NA,NA
1341,NA,NA,NA,NA,NA,NA,NA,NA,NA,0.889319315545031,0.843701941827881,NA,NA
1342,NA,NA,NA,NA,NA,NA,NA,1.01105675846916,1.03901034950514,0.937012848978946,0.997600141964628,NA,NA
1343,NA,NA,NA,NA,NA,NA,NA,0.974229884759369,0.994196496415427,0.824016463944416,0.90930011183224,NA,NA
1344,NA,NA,NA,NA,NA,NA,NA,0.98033749324567,0.974599152238656,0.948080460142048,0.894280119937598,NA,NA
1345,NA,NA,NA,NA,NA,NA,NA,0.965739949767442,0.938876217230763,0.977379416622851,0.942532411778784,NA,NA
1346,NA,NA,NA,NA,NA,NA,NA,0.921580065400849,0.873122676853456,0.914285826322496,0.921215547508432,NA,NA
1347,NA,NA,NA,NA,NA,NA,NA,0.927329356419403,0.89238335774542,0.912428897233561,0.867842008914258,NA,NA
1348,NA,NA,NA,NA,NA,NA,NA,0.918541219318275,0.8954518275214,0.850826576641781,0.846182769453997,NA,NA
1349,NA,NA,NA,NA,NA,NA,NA,1.03566074858508,1.1043694832356,0.84625685534715,0.974534250855435,NA,NA
1350,NA,NA,NA,NA,NA,NA,NA,0.991089288373833,1.05538749447654,0.906623202841176,0.940622681064935,NA,NA
1351,NA,NA,NA,NA,NA,NA,NA,0.983178305057198,1.02195217870803,0.990328264139278,1.03969409777902,NA,NA
1352,NA,NA,NA,NA,NA,NA,NA,0.989421533093235,1.01927092108923,0.945858275915359,1.04739479228487,NA,NA
1353,NA,NA,NA,NA,NA,NA,NA,0.928362592495909,0.812947326239679,0.943160642604993,1.08448514568523,NA,NA
1354,NA,NA,NA,NA,NA,NA,NA,0.972635685075214,0.8811113781602,1.01572416399569,1.09885162427989,NA,NA
1355,NA,NA,NA,NA,NA,NA,NA,0.922511509248468,0.927499980831032,1.01949827384481,1.09792762894415,NA,NA
1356,NA,NA,NA,NA,NA,NA,NA,1.00417148948733,0.999731617528476,1.11159656879151,1.0987406385857,NA,NA
1357,NA,NA,NA,NA,NA,NA,NA,1.00160576700982,1.02833442859676,1.08621665913073,1.09018910549758,NA,NA
1358,NA,NA,NA,NA,NA,NA,NA,0.928725334874801,0.933098038457203,1.07037512416468,1.06706683333365,NA,NA
1359,NA,NA,NA,NA,NA,NA,NA,0.933922299287249,0.888788442989251,0.973964519736835,1.05030466667523,NA,NA
1360,NA,NA,NA,NA,NA,NA,NA,0.962707448405406,0.949750083503339,0.979580855327153,0.98765114634451,NA,NA
1361,NA,NA,NA,NA,NA,NA,NA,0.964273925396097,0.914980349719254,0.999420271919732,1.09292744606294,NA,NA
1362,NA,NA,NA,NA,NA,NA,NA,0.979062016393689,0.990758612166504,0.894778048836388,1.12422399902627,NA,NA
1363,NA,NA,NA,NA,NA,NA,NA,0.990746241082072,1.00297362780464,0.873647708789918,0.979999234481163,NA,NA
1364,NA,NA,NA,NA,NA,NA,NA,1.05642735469375,1.08931001788847,0.985105487275453,0.98440995105436,NA,NA
1365,NA,NA,NA,NA,NA,NA,NA,1.01988731206129,1.00441814689045,0.944523187731789,0.968397475167393,NA,NA
1366,NA,NA,NA,NA,NA,NA,NA,1.05490030758354,1.10029100453418,1.03166820160151,1.01646588550142,NA,NA
1367,NA,NA,NA,NA,NA,NA,NA,1.01197289854981,1.0252141613996,1.031710830186,1.08965306622525,NA,NA
1368,NA,NA,NA,NA,NA,NA,NA,1.02174927310645,0.995640095522767,0.995026255511733,1.07892009757865,NA,NA
1369,NA,NA,NA,NA,NA,NA,NA,1.03572361642723,1.07446626345284,0.997900743056279,1.12656847268173,NA,NA
1370,NA,NA,NA,NA,NA,NA,NA,0.967293952969401,1.00972987444606,0.948155923556315,1.04955681822996,NA,NA
1371,NA,NA,NA,NA,NA,NA,NA,0.97280848891851,1.04900209256418,0.955421907187466,1.14033928873288,NA,NA
1372,NA,NA,NA,NA,NA,NA,NA,1.04145149250797,1.04201360747885,1.05650628392315,1.13904056723645,NA,NA
1373,NA,NA,NA,NA,NA,NA,NA,0.995999244734315,1.0222902346398,1.03271949577847,0.994683285656661,NA,NA
1374,NA,NA,NA,NA,NA,NA,NA,1.07324385347969,1.10503326827145,1.01666011487972,0.990829085732054,NA,NA
1375,NA,NA,NA,NA,NA,NA,NA,0.994053419952196,1.00011103746457,0.966431760173388,0.916692236694667,NA,NA
1376,NA,NA,NA,NA,NA,NA,NA,1.00091325970487,1.06240590636185,0.970889982565603,0.923191970166982,NA,NA
1377,NA,NA,NA,NA,NA,NA,NA,0.942572177110363,0.977907580016933,0.966437139098536,0.898493910908791,NA,NA
1378,NA,NA,NA,NA,NA,NA,NA,1.04046761310045,1.10443918948272,1.02061511688179,0.891817237223725,NA,NA
1379,NA,NA,NA,NA,NA,NA,NA,1.06482222360575,1.1619717613609,1.00945759276207,0.943856328318194,NA,NA
1380,NA,NA,NA,NA,NA,NA,NA,1.06530663172947,1.08321288846125,1.02524911303854,0.975261858020522,NA,NA
1381,NA,NA,NA,NA,NA,NA,NA,1.02212469363064,1.00959785583957,1.03057930368992,1.05222268141723,NA,NA
1382,NA,NA,NA,NA,NA,NA,NA,0.952070559523313,0.975841214961976,0.932278929360212,0.959593671495485,NA,NA
1383,NA,NA,NA,NA,NA,NA,NA,0.951770129363049,0.945951176659143,0.972530709105899,0.93884222117174,NA,NA
1384,NA,NA,NA,NA,NA,NA,NA,0.945050861887518,0.905587114890896,0.91066854987581,0.906647128184839,NA,NA
1385,NA,NA,NA,NA,NA,NA,NA,0.968177715400066,0.964644654716456,0.880256547275845,0.897842950621534,NA,NA
1386,NA,NA,NA,NA,NA,NA,NA,1.03207013170967,1.00247694787497,0.950795096036395,0.888731016417245,NA,NA
1387,NA,NA,NA,NA,NA,NA,NA,1.01321444800685,0.954235269460525,1.03411717665966,0.999473362774607,NA,NA
1388,NA,NA,NA,NA,NA,NA,NA,0.992088250689162,0.891836451030858,0.985494819693365,0.910754595508105,NA,NA
1389,NA,NA,NA,NA,NA,NA,NA,0.973868194623274,0.835331122787373,0.93427259316161,0.868394749225402,NA,NA
1390,NA,NA,NA,NA,NA,NA,NA,0.977203978346743,0.950885400486739,0.974681023686136,0.864715959262251,NA,NA
1391,NA,NA,NA,NA,NA,NA,NA,0.928360354474493,0.903606228123847,0.910605105184454,0.888513644891339,NA,NA
1392,NA,NA,NA,NA,NA,NA,NA,0.99813050577817,0.936304937683526,0.958605257681674,0.923354887921037,NA,NA
1393,NA,NA,NA,NA,NA,NA,NA,1.00919820753789,0.971498462581642,1.01422017354991,0.98836478940098,NA,NA
1394,NA,NA,NA,NA,NA,NA,NA,0.91847749291145,0.875662194544187,1.03988268962629,1.03839532631279,NA,NA
1395,NA,NA,NA,NA,NA,NA,NA,0.954621579771706,0.848180469333843,1.02425184386312,1.05885331784527,NA,NA
1396,NA,NA,NA,NA,NA,NA,NA,0.977994152702964,1.01229547705021,1.05231536609564,1.10334977601002,NA,NA
1397,NA,NA,NA,NA,NA,NA,NA,0.983010336129976,0.974884378942219,0.952293167766428,0.973601305346753,NA,NA
1398,NA,NA,NA,NA,NA,NA,NA,0.919246265200598,0.94611235560537,0.812135169980092,0.932835352635779,NA,NA
1399,NA,NA,NA,NA,NA,NA,NA,0.958002477177293,0.956284316933366,0.924857362773626,0.976669923195545,NA,NA
1400,NA,NA,NA,NA,NA,NA,NA,0.919727595967962,0.881412753641424,0.841152624940546,0.847683772836897,NA,NA
1401,NA,NA,NA,NA,NA,NA,NA,0.975905272937223,1.0168218063905,0.903723851901261,0.943481261391111,NA,NA
1402,NA,NA,NA,NA,NA,NA,NA,0.985885661594919,1.07453204486053,0.995439360816315,0.956258354794525,NA,NA
1403,NA,NA,NA,NA,NA,NA,NA,1.02273537917845,1.0958767692601,0.948343981900343,0.939891997951191,NA,NA
1404,NA,NA,NA,NA,NA,NA,NA,1.01316680602678,1.08491489986764,0.959201617499455,1.0220122527724,NA,NA
1405,NA,NA,NA,NA,NA,NA,NA,0.991736595524069,0.997265674205125,1.06180487335607,1.02375120124666,NA,NA
1406,NA,NA,NA,NA,NA,NA,NA,1.05459062897072,1.1216658067907,1.01978744736248,1.06534059416179,NA,NA
1407,NA,NA,NA,NA,NA,NA,NA,0.983137158691674,1.01908452681948,0.980488568596719,1.05257932845912,NA,NA
1408,NA,NA,NA,NA,NA,NA,NA,0.997448399496211,1.04621665845877,1.00936933068332,1.08339637015169,NA,NA
1409,NA,NA,NA,NA,NA,NA,NA,1.04185618341929,1.00481843238271,0.969884767202685,1.11514813562306,NA,NA
1410,NA,NA,NA,NA,NA,NA,NA,1.01307046959231,1.0762265637303,0.941644911071519,1.21297542811522,NA,NA
1411,NA,NA,NA,NA,NA,NA,NA,1.02660985947535,1.06153365437301,0.984218267465933,1.07570131316416,NA,NA
1412,NA,NA,NA,NA,NA,NA,NA,0.975158828171168,1.01518973468044,0.951254271814948,1.05227260631461,NA,NA
1413,NA,NA,NA,NA,NA,NA,NA,0.948574907073448,0.972560373340063,0.95218881408148,NA,NA,NA
1414,NA,NA,NA,NA,NA,NA,NA,1.02855038243193,1.01179319779536,0.926602983149391,NA,NA,NA
1415,NA,NA,NA,NA,NA,NA,NA,1.02387146513157,1.06613481150758,1.00417922114413,NA,NA,NA
1416,NA,NA,NA,NA,NA,NA,NA,1.00208723790717,1.00622436425736,1.02101953830388,NA,NA,NA
1417,NA,NA,NA,NA,NA,NA,NA,0.99026025771468,0.967258424052003,0.992489186823082,NA,NA,NA
1418,NA,NA,NA,NA,NA,NA,NA,0.945706596873024,0.825477393643156,0.879929249137719,NA,NA,NA
1419,NA,NA,NA,NA,NA,NA,NA,0.973213413117706,0.825421616035654,0.877245113201629,NA,NA,NA
1420,NA,NA,NA,NA,NA,NA,NA,1.04417630388263,1.00311477689608,1.01237960660197,NA,NA,NA
1421,NA,NA,NA,NA,NA,NA,NA,0.996052520251725,1.0009774335595,1.00054391762221,NA,NA,NA
1422,NA,NA,NA,NA,NA,NA,NA,0.985771368754018,0.967845939546427,1.10875938898854,NA,NA,NA
1423,NA,NA,NA,NA,NA,NA,NA,0.989049434900936,0.942295325311645,1.09711649182761,NA,NA,NA
1424,NA,NA,NA,NA,NA,NA,NA,0.99877997735851,1.01368834920823,1.05979895011136,NA,NA,NA
1425,NA,NA,NA,NA,NA,NA,NA,1.047055566885,1.1348280286871,1.1169186434482,NA,NA,NA
1426,NA,NA,NA,NA,NA,NA,NA,0.983163247002401,0.928198773446761,1.06154607377826,NA,NA,NA
1427,NA,NA,NA,NA,NA,NA,NA,1.0228919465541,0.961566213592909,1.05981098520232,NA,NA,NA
1428,NA,NA,NA,NA,NA,NA,NA,1.02867551015863,0.998552863130876,1.0436633278445,NA,NA,NA
1429,NA,NA,NA,NA,NA,NA,NA,0.986556484972093,0.953531549237388,1.05064463949962,NA,NA,NA
1430,NA,NA,NA,NA,NA,NA,NA,0.98655157213115,0.945699595774131,0.941104453004056,NA,NA,NA
1431,NA,NA,NA,NA,NA,NA,NA,1.02154589107701,0.923077263726459,0.974965588915218,NA,NA,NA
1432,NA,NA,NA,NA,NA,NA,NA,0.995230743082769,0.96118159576015,1.00981352182586,NA,NA,NA
1433,NA,NA,NA,NA,NA,NA,NA,1.01564604813347,0.99850445110056,0.93838453941237,NA,NA,NA
1434,NA,NA,NA,NA,NA,NA,NA,1.03015798831081,1.03554033244181,0.890406007810242,NA,NA,NA
1435,NA,NA,NA,NA,NA,NA,NA,0.987824136987308,0.98200038706268,0.947507863440684,NA,NA,NA
1436,NA,NA,NA,NA,NA,NA,NA,0.975455488891069,0.989383628127857,0.981704191749348,NA,NA,NA
1437,NA,NA,NA,NA,NA,NA,NA,0.985174359012576,1.02209801951278,1.01464589361929,NA,NA,NA
1438,NA,NA,NA,NA,NA,NA,NA,0.951882353554663,0.959101446595014,0.99252468084511,NA,NA,NA
1439,NA,NA,NA,NA,NA,NA,NA,0.926091459416775,0.867327766222528,0.92393634986915,NA,NA,NA
1440,NA,NA,NA,NA,NA,NA,NA,0.953313775775076,0.943460946073533,1.02445801037914,NA,NA,NA
1441,NA,NA,NA,NA,NA,NA,NA,0.990822787873654,0.922532175711996,0.998511210707966,NA,NA,NA
1442,NA,NA,NA,NA,NA,NA,NA,0.954133417716934,0.929398940498122,1.01859579578061,NA,NA,NA
1443,NA,NA,NA,NA,NA,NA,NA,0.994227497441464,0.91003764402617,1.03466369958913,NA,NA,NA
1444,NA,NA,NA,NA,NA,NA,NA,1.02442001160206,0.98526050223968,1.02729731465555,NA,NA,NA
1445,NA,NA,NA,NA,NA,NA,NA,0.993801586290409,0.966990311397156,0.988543305447758,NA,NA,NA
1446,NA,NA,NA,NA,NA,NA,NA,0.988533066295469,0.946186431584547,1.0429440541345,NA,NA,NA
1447,NA,NA,NA,NA,NA,NA,NA,0.957368931535301,0.994627029127013,1.07293008176822,NA,NA,NA
1448,NA,NA,NA,NA,NA,NA,NA,0.948331005969166,0.953213033151238,1.01623112306905,NA,NA,NA
1449,NA,NA,NA,NA,NA,NA,NA,0.994611955014678,1.01291141069459,1.01838688406295,NA,NA,NA
1450,NA,NA,NA,NA,NA,NA,NA,1.00800932656948,1.03680338577145,1.0979167884645,NA,NA,NA
1451,NA,NA,NA,NA,NA,NA,NA,0.95895945038344,0.933004872385019,0.961627732695422,NA,NA,NA
1452,NA,NA,NA,NA,NA,NA,NA,0.800537193838734,0.843783733507884,0.937003210264195,NA,NA,NA
1453,NA,NA,NA,NA,NA,NA,NA,NA,NA,0.731791400979677,NA,NA,NA
1454,NA,NA,NA,NA,NA,NA,NA,0.817990054339174,0.900858668325202,0.847037403511306,NA,NA,NA
1455,NA,NA,NA,NA,NA,NA,NA,0.780771736958603,0.62374636123269,NA,NA,NA,NA
1456,NA,NA,NA,NA,NA,NA,NA,0.955334310039194,0.898844759157386,NA,NA,NA,NA
1457,NA,NA,NA,NA,NA,NA,NA,1.00618126391911,1.03255537829139,NA,NA,NA,NA
1458,NA,NA,NA,NA,NA,NA,NA,1.0800721087129,1.05148880059229,NA,NA,NA,NA
1459,NA,NA,NA,NA,NA,NA,NA,1.00497007729944,0.90502309940407,NA,NA,NA,NA
1460,NA,NA,NA,NA,NA,NA,NA,1.00121324063996,0.911586623655341,NA,NA,NA,NA
1461,NA,NA,NA,NA,NA,NA,NA,1.0037162827863,0.970037775546997,NA,NA,NA,NA
1462,NA,NA,NA,NA,NA,NA,NA,1.05680052513072,1.05816180795178,NA,NA,NA,NA
1463,NA,NA,NA,NA,NA,NA,NA,1.04764192320888,1.02782041750869,NA,NA,NA,NA
1464,NA,NA,NA,NA,NA,NA,NA,0.978179188407397,1.03605652891079,NA,NA,NA,NA
1465,NA,NA,NA,NA,NA,NA,NA,1.03988511923406,1.11489058362559,NA,NA,NA,NA
1466,NA,NA,NA,NA,NA,NA,NA,1.06005068345178,1.17447046852711,NA,NA,NA,NA
1467,NA,NA,NA,NA,NA,NA,NA,1.00858814695691,1.06188296970709,NA,NA,NA,NA
1468,NA,NA,NA,NA,NA,NA,NA,1.02529800353708,0.942812684258624,NA,NA,NA,NA
1469,NA,NA,NA,NA,NA,NA,NA,0.990749566486445,0.906169250935113,NA,NA,NA,NA
1470,1.142637366468,NA,NA,NA,NA,NA,NA,1.02066474770707,0.875427239438325,NA,NA,NA,NA
1471,1.19112427216522,NA,NA,NA,NA,NA,NA,0.950974984631774,0.857116793521302,NA,NA,NA,NA
1472,1.10686511602731,NA,NA,NA,NA,NA,NA,0.92230423079817,0.790639545358257,NA,NA,NA,NA
1473,1.03513514327721,NA,NA,NA,NA,NA,NA,0.96555726003324,0.80788338226432,NA,NA,NA,NA
1474,1.08073075970483,NA,NA,NA,NA,NA,NA,1.00370240027353,0.67516077162446,NA,NA,NA,NA
1475,1.06760587152546,NA,NA,NA,NA,NA,NA,1.08317306087718,1.02938785342451,NA,NA,NA,NA
1476,1.02498649241632,NA,NA,NA,NA,NA,NA,1.08335983284184,1.09981195356483,NA,NA,NA,NA
1477,0.957662121680805,NA,NA,NA,NA,NA,NA,1.12161473965479,1.02663113566951,NA,NA,NA,NA
1478,0.824973197305325,NA,NA,NA,NA,NA,NA,1.13878866547469,1.24714623336491,NA,NA,NA,NA
1479,0.825971320051424,NA,NA,NA,NA,NA,NA,1.1454728086991,1.20299805667747,NA,NA,NA,NA
1480,0.866520515185463,NA,NA,NA,NA,NA,NA,1.09600335354999,1.10904293789091,NA,NA,NA,NA
1481,0.96094963716141,NA,NA,NA,NA,NA,NA,1.06611343984505,1.07147147644184,NA,NA,NA,NA
1482,0.937773891187958,NA,NA,NA,NA,NA,NA,1.08729985922033,1.17082011755894,NA,NA,NA,NA
1483,1.05634366040847,0.963906877589136,NA,NA,NA,NA,NA,1.06817632806476,1.16785931298724,NA,NA,NA,NA
1484,1.02678746524311,0.907988598876187,NA,NA,NA,NA,NA,1.05857548623936,1.0864623926737,NA,NA,NA,NA
1485,0.877524975190697,1.05702089947521,NA,NA,NA,NA,NA,1.06309118090355,1.04919145812456,NA,NA,NA,NA
1486,0.998126890102807,0.788314157567564,NA,NA,NA,NA,NA,0.996995378980468,0.96697589347579,NA,NA,NA,NA
1487,0.926727696888641,0.900517011571507,NA,NA,NA,NA,NA,0.974739840175328,0.935545373291831,NA,NA,NA,NA
1488,0.965219492054107,0.941956254900127,NA,NA,NA,NA,NA,1.04847653290688,1.01332901591288,NA,NA,NA,NA
1489,1.01781217730684,1.10842759927784,NA,NA,NA,NA,NA,1.08723365646355,1.12740168839721,NA,NA,NA,NA
1490,1.06837944778855,1.17880644563322,NA,NA,NA,NA,NA,1.00260262730426,1.01862417701304,NA,NA,NA,NA
1491,1.04150250848324,1.14118288839494,NA,NA,NA,NA,NA,1.00338388643628,1.08220582290134,NA,NA,NA,NA
1492,0.983284817422571,1.05393503866661,NA,NA,NA,NA,NA,0.98098321421238,1.11345974537616,NA,NA,NA,NA
1493,1.01402805277277,0.949984082292901,NA,NA,NA,NA,NA,1.00399109842251,1.05873890119593,NA,NA,NA,NA
1494,1.08819800055832,1.09200590056713,NA,NA,NA,NA,NA,1.02354085431168,1.13683581885451,NA,NA,NA,NA
1495,0.991759311580151,0.949591222896584,NA,NA,NA,NA,NA,1.0459511244009,1.18644990499307,NA,NA,NA,NA
1496,1.09505282696809,1.21980747373383,NA,NA,NA,NA,NA,1.03570877815305,1.23750208069943,NA,NA,NA,NA
1497,1.03053285478432,1.09036078207282,NA,NA,NA,NA,NA,1.01103132188129,1.09616132789804,NA,NA,NA,NA
1498,1.02055374203874,1.00955628999061,NA,NA,NA,NA,NA,0.969848768797295,1.11186136741931,NA,NA,NA,NA
1499,1.03161717406679,1.02537424734191,NA,NA,NA,NA,NA,0.960640929408208,1.04493726946847,NA,NA,NA,NA
1500,1.01159509220738,1.03459581737722,NA,NA,NA,NA,NA,0.944079542514694,0.962642320753025,NA,NA,NA,NA
1501,1.06712474614069,1.10876794480175,NA,NA,NA,NA,NA,1.03843547455344,1.05815297147983,NA,NA,NA,NA
1502,1.08529523795157,1.09065104787453,NA,NA,NA,NA,NA,1.02682313909712,1.14635737506403,NA,NA,NA,NA
1503,1.08441249341998,1.09336474776753,NA,NA,NA,NA,NA,1.01294011427851,1.08490607986197,NA,NA,NA,NA
1504,1.10638419898905,1.12575951907052,NA,NA,NA,NA,NA,1.04462907188348,1.11388336200758,NA,NA,NA,NA
1505,1.17051876744763,1.15587076546807,NA,NA,NA,NA,NA,1.1196141068032,1.17372103213302,NA,NA,NA,NA
1506,1.16162541598219,1.11671378967894,NA,NA,NA,NA,NA,1.10931290049337,1.10778184377021,NA,NA,NA,NA
1507,1.13068032912205,1.04782138416515,NA,NA,NA,NA,NA,1.02310893292775,1.03523403613626,NA,NA,NA,NA
1508,1.15122961906074,1.15868478496842,NA,NA,NA,NA,NA,1.08764099941364,1.0884907388363,NA,NA,NA,NA
1509,1.08684858013106,1.06074044647789,NA,NA,NA,NA,NA,1.03583849808589,1.05361957710373,NA,NA,NA,NA
1510,1.0244027763177,0.832491437995548,NA,NA,NA,NA,NA,1.07899484036992,1.04205191992313,NA,NA,NA,NA
1511,1.08612004552395,0.976132741781413,NA,NA,NA,NA,NA,1.05599919879802,1.07176928509437,NA,NA,NA,NA
1512,1.07095335500969,0.927380345753653,NA,NA,NA,NA,NA,1.05524682464725,1.09741443397384,NA,NA,NA,NA
1513,1.05527610574983,0.973314886810128,NA,NA,NA,NA,NA,1.00939727709305,1.0804316243051,NA,NA,NA,NA
1514,0.996340172773825,0.902694540999908,NA,NA,NA,NA,NA,1.00673235022938,1.05032932601347,NA,NA,NA,NA
1515,1.08853117189591,1.05156298278788,NA,NA,NA,NA,NA,1.03650282927107,1.09594530246809,NA,NA,NA,NA
1516,0.991479233491545,0.88484369604186,NA,NA,NA,NA,NA,1.02984775097509,0.977207249221553,NA,NA,NA,NA
1517,1.05452339784398,1.01596052952616,NA,NA,NA,NA,NA,1.03116285834924,1.05869296318421,NA,NA,NA,NA
1518,1.05224710573265,1.10661127659372,NA,NA,NA,NA,NA,1.00145426039575,1.05260893155079,NA,NA,NA,NA
1519,1.08159291672177,1.24196619491215,NA,NA,NA,NA,NA,1.05094539021665,1.03186164597636,NA,NA,NA,NA
1520,1.01093163501415,0.976893633963303,NA,NA,NA,NA,NA,0.965045227925928,0.997097158256472,NA,NA,NA,NA
1521,1.03664402905246,1.00537902052065,NA,NA,NA,NA,NA,0.996717356100594,1.02753760656556,NA,NA,NA,NA
1522,1.03157416790559,0.980796509099718,NA,NA,NA,NA,NA,1.05395100132435,1.0745504895312,NA,NA,NA,NA
1523,1.08156484227752,1.11840970446118,NA,NA,NA,NA,NA,1.07128327281864,1.09115715860025,NA,NA,NA,NA
1524,1.00028402850181,0.927559421770253,NA,NA,NA,NA,NA,1.02330386113419,1.02873612587873,NA,NA,NA,NA
1525,1.02337744229363,1.08414487544589,NA,NA,NA,NA,NA,1.05274623025436,1.09588626723265,NA,NA,NA,NA
1526,1.09834948990654,1.1774024378704,NA,NA,NA,NA,NA,1.06689862716455,1.09870488583992,NA,NA,NA,NA
1527,0.992215242615837,0.963855932586009,NA,NA,NA,NA,NA,0.984622855643151,0.978459393790077,NA,NA,NA,NA
1528,1.08369294480835,1.1175975886715,NA,NA,NA,NA,NA,1.04918031990129,1.08852203214483,NA,NA,NA,NA
1529,1.02758430905229,1.05110494779653,NA,NA,NA,NA,NA,1.00387250233187,1.06768334232829,NA,NA,NA,NA
1530,0.999616566106396,0.922665193516664,NA,NA,NA,NA,NA,1.05689464843474,1.05609541249606,NA,NA,NA,NA
1531,1.04887186321958,1.03928707430705,NA,NA,NA,NA,NA,1.03793378465926,1.08303020243754,NA,NA,NA,NA
1532,1.07144932439791,1.14368399653911,NA,NA,NA,NA,NA,1.03842635126737,1.11449434791754,NA,NA,NA,NA
1533,1.02627101986648,1.15098172369884,NA,NA,NA,NA,NA,1.04709049121491,1.15189576509181,NA,NA,NA,NA
1534,1.03136441300617,1.05704750257667,NA,NA,NA,NA,NA,1.06019138597663,1.15470207523042,NA,NA,NA,NA
1535,1.09629993176855,1.15734245958028,NA,NA,NA,NA,NA,1.10533365651467,1.13426285586436,NA,NA,NA,NA
1536,0.950061727392925,0.860429809587376,NA,NA,NA,NA,NA,1.01964898875595,0.9465415874552,NA,NA,NA,NA
1537,0.953733974028324,0.835478977787336,NA,NA,NA,NA,NA,1.05554760664916,0.96897080320726,NA,NA,NA,NA
1538,1.05836503155468,1.09616090947169,NA,NA,NA,NA,NA,0.995566524698645,0.939856915167629,NA,NA,NA,NA
1539,1.03026376322366,1.09985698283789,NA,NA,NA,NA,NA,1.08188674929799,1.06458666584521,NA,NA,NA,NA
1540,0.896236674896198,0.858081174910084,NA,NA,NA,NA,NA,0.990231831031588,0.920625797886869,NA,NA,NA,NA
1541,0.804171963458549,0.689335344742103,NA,NA,NA,NA,NA,0.986274331040704,0.917878077933664,NA,NA,NA,NA
1542,0.8229073296015,0.725500035557202,NA,NA,NA,NA,NA,0.991616106619301,0.941566085219039,NA,NA,NA,NA
1543,0.803310048648289,0.736301257988179,NA,NA,NA,NA,NA,0.965632142153459,0.942681377193455,NA,NA,NA,NA
1544,0.94531822589661,0.906834104555286,NA,NA,NA,NA,NA,0.986647366374328,0.956693400065388,NA,NA,NA,NA
1545,0.957808882020917,0.957427258779765,NA,NA,NA,NA,NA,1.02840446481134,1.03923391208068,NA,NA,NA,NA
1546,1.02361660459579,0.991367642263358,NA,NA,NA,NA,NA,1.04131380578635,1.03653568832198,NA,NA,NA,NA
1547,0.99468667120668,0.861708446429129,NA,NA,NA,NA,NA,1.02948853367519,1.03198369250925,NA,NA,NA,NA
1548,1.03446086859048,0.917797943391506,NA,NA,NA,NA,NA,0.940263322037099,0.962678927512445,NA,NA,NA,NA
1549,0.9724938318174,0.889944319079453,NA,NA,NA,NA,NA,1.01028420486369,0.978002503547707,NA,NA,NA,NA
1550,0.976067541281076,1.00506155902349,NA,NA,NA,NA,NA,0.972132161713679,0.985833725335426,NA,NA,NA,NA
1551,1.01012641100137,1.06403486769345,NA,NA,NA,NA,NA,0.968785244755532,1.0421618765781,NA,NA,NA,NA
1552,1.05489197078591,1.13245962712544,NA,NA,NA,NA,NA,0.942592607445434,1.00083489167696,NA,NA,NA,NA
1553,1.04710735827589,1.07207686065909,NA,NA,NA,NA,NA,0.939031525950003,1.00871258701182,NA,NA,NA,NA
1554,0.990081635013381,0.975503387798562,NA,NA,NA,NA,NA,0.975359224164562,0.986282908779618,NA,NA,NA,NA
1555,0.955998105767162,0.963598808737017,NA,NA,NA,NA,NA,0.999386161617238,0.951186896830579,NA,NA,NA,NA
1556,0.943171942090006,0.963201053657085,NA,NA,NA,NA,NA,1.01550640198983,0.997845072793971,NA,NA,NA,NA
1557,0.964248944817298,1.01725833574531,NA,NA,NA,NA,NA,0.975086613208257,1.00998666286973,NA,NA,NA,NA
1558,1.00377911418448,1.06987245690393,NA,NA,NA,NA,NA,1.00857169517924,1.03048811518544,NA,NA,NA,NA
1559,1.00717118126897,1.03660628961,NA,NA,NA,NA,NA,0.997760760047647,1.01996696984783,NA,NA,NA,NA
1560,1.02568364389875,1.05547045915966,NA,NA,NA,NA,NA,0.937069403676147,0.994097093368231,NA,NA,NA,NA
1561,1.00442312875148,1.01103425294738,NA,NA,NA,NA,NA,0.985879848716756,0.89903241520602,NA,NA,NA,NA
1562,1.05855751024933,1.1632938431322,NA,NA,NA,NA,NA,1.0291057327624,1.02423072112088,NA,NA,NA,NA
1563,0.995063598969341,0.989578579024972,NA,NA,NA,NA,NA,0.913663335364973,0.859193820281715,NA,NA,NA,NA
1564,0.965966624396532,0.984040742717603,NA,NA,NA,NA,NA,0.998993405964629,0.798177303105454,NA,NA,NA,NA
1565,0.962343219341487,0.984001600962204,NA,NA,NA,NA,NA,1.03362329555706,0.958653209454027,NA,NA,NA,NA
1566,0.941250830271043,0.892028988442115,NA,NA,NA,NA,NA,1.02542992584701,1.02496920753792,NA,NA,NA,NA
1567,0.9323508748978,0.878010679584201,NA,NA,NA,NA,NA,0.98851911309664,0.912801133006719,NA,NA,NA,NA
1568,0.922974693192462,0.824262962776226,NA,NA,NA,NA,NA,0.965964709503108,0.863347258210723,NA,NA,NA,NA
1569,1.02950931188345,1.01597346661586,NA,NA,NA,NA,NA,0.992351592942229,0.941192992847165,NA,NA,NA,NA
1570,1.02718449096899,1.13658099303477,NA,NA,NA,NA,NA,1.00463507572575,0.963698963045923,NA,NA,NA,NA
1571,0.988565053936157,0.96768329994458,NA,NA,NA,NA,NA,0.957867899425496,0.979563281832773,NA,NA,NA,NA
1572,0.985579012798443,0.956273758493341,NA,NA,NA,NA,NA,0.988604298511772,0.904628103818349,NA,NA,NA,NA
1573,0.989944124977552,1.00112463411997,NA,NA,NA,NA,NA,0.940677100851933,0.935857374062948,NA,NA,NA,NA
1574,0.967591848816456,0.968359951265449,NA,NA,NA,NA,NA,0.885507981702318,0.911797899960842,NA,NA,NA,NA
1575,0.995062648996394,0.938968427501339,NA,NA,NA,NA,NA,0.8770734650667,0.865428070708006,NA,NA,NA,NA
1576,0.973196396369788,1.01247413294716,NA,NA,NA,NA,NA,0.944805073865761,0.806953270486035,NA,NA,NA,NA
1577,0.977997122006074,0.963515461118802,NA,NA,NA,NA,NA,NA,NA,NA,NA,NA,NA
1578,0.962436356523035,0.958017353510319,NA,NA,NA,NA,NA,NA,NA,NA,NA,NA,NA
1579,1.01233385893947,1.08965046179654,NA,NA,NA,NA,NA,NA,NA,NA,NA,NA,NA
1580,0.972627450242527,0.921759216161557,NA,NA,NA,NA,NA,NA,NA,NA,NA,NA,NA
1581,1.0074715170823,0.976545872740215,NA,NA,NA,NA,NA,NA,NA,NA,NA,NA,NA
1582,1.09932152836432,1.13703188597587,NA,NA,NA,NA,NA,NA,NA,NA,NA,NA,NA
1583,1.11348964528239,1.12544887720408,NA,NA,NA,NA,NA,NA,NA,NA,NA,NA,NA
1584,1.07029729772496,1.09210055760913,NA,NA,NA,NA,NA,NA,NA,NA,NA,NA,NA
1585,1.03770477967021,1.12244095540535,NA,NA,NA,NA,NA,NA,NA,NA,NA,NA,NA
1586,1.05642683317073,1.17396616557111,NA,NA,NA,NA,NA,NA,NA,NA,NA,NA,NA
1587,0.991855875685483,0.937625208308283,NA,NA,NA,NA,NA,NA,NA,NA,NA,NA,NA
1588,0.97675136938724,0.912154329801246,NA,NA,NA,NA,NA,NA,NA,NA,NA,NA,NA
1589,0.982095655470733,0.891971044378702,NA,NA,NA,NA,NA,NA,NA,NA,NA,NA,NA
1590,0.956566058008047,0.786600726021698,NA,NA,NA,NA,NA,NA,NA,NA,NA,NA,NA
1591,0.947914101837976,0.913642141699148,NA,NA,NA,NA,NA,NA,NA,NA,NA,NA,NA
1592,0.989816978935806,0.900466240468275,NA,NA,NA,NA,NA,NA,NA,NA,NA,NA,NA
1593,0.974002843107886,0.856708037724188,NA,NA,NA,NA,NA,NA,NA,NA,NA,NA,NA
1594,1.08822895062526,1.05159494612625,NA,NA,NA,NA,NA,NA,NA,NA,NA,NA,NA
1595,1.06520390003768,0.948015878549875,NA,NA,NA,NA,NA,NA,NA,NA,NA,NA,NA
1596,1.03221382439745,1.03281128061696,NA,NA,NA,NA,NA,NA,NA,NA,NA,NA,NA
1597,1.0157961748534,0.984833062955701,NA,NA,NA,NA,NA,NA,NA,NA,NA,NA,NA
1598,0.951407773171692,0.866898857547431,NA,NA,NA,NA,NA,NA,NA,NA,NA,NA,NA
1599,1.03978971245962,0.997237824796992,NA,NA,NA,NA,NA,NA,NA,NA,NA,NA,NA
1600,1.05108054086982,1.01953968562378,NA,NA,NA,NA,NA,NA,NA,NA,NA,NA,NA
1601,0.893585665088177,0.728626035044608,NA,NA,NA,NA,NA,NA,NA,NA,NA,NA,NA
1602,0.985878955585697,NA,NA,NA,NA,NA,NA,NA,NA,NA,NA,NA,NA
1603,0.947211258012604,NA,NA,NA,NA,NA,NA,NA,NA,NA,NA,NA,NA
1604,0.855822762175759,NA,NA,NA,NA,NA,NA,NA,NA,NA,NA,NA,NA
1605,0.80164122080848,NA,NA,NA,NA,NA,NA,NA,NA,NA,NA,NA,NA
1606,0.92742383843174,NA,NA,NA,NA,NA,NA,NA,NA,NA,NA,NA,NA
1607,0.839493171962709,NA,NA,NA,NA,NA,NA,NA,NA,NA,NA,NA,NA
1608,0.887045408671862,NA,NA,NA,NA,NA,1.12961651721317,NA,NA,NA,NA,NA,NA
1609,0.760274503467953,NA,NA,NA,NA,NA,1.21001845704425,NA,NA,NA,NA,NA,NA
1610,0.897617830594238,NA,NA,NA,NA,NA,1.04663861296289,NA,NA,NA,NA,NA,NA
1611,0.927707864691401,NA,NA,NA,NA,NA,1.06575838717152,NA,NA,NA,NA,NA,NA
1612,0.922306728351923,NA,NA,NA,NA,NA,1.11433834644584,NA,NA,NA,NA,NA,NA
1613,0.92368854123136,NA,NA,NA,NA,NA,1.10786135847565,NA,NA,NA,NA,NA,NA
1614,0.925081200689802,NA,NA,NA,NA,NA,0.574646954333417,NA,NA,NA,NA,NA,NA
1615,0.859967839756227,NA,NA,NA,NA,NA,0.588260574314053,NA,NA,NA,NA,NA,NA
1616,0.850825053667153,NA,NA,NA,NA,NA,0.5080145492003,NA,NA,NA,NA,NA,NA
1617,0.907140827110658,NA,NA,NA,NA,NA,0.62221272496292,NA,NA,NA,NA,NA,NA
1618,0.923659386972932,NA,NA,NA,NA,NA,0.719068815050816,NA,NA,NA,NA,NA,NA
1619,0.925100151253072,NA,NA,NA,NA,NA,0.792472026420878,NA,NA,NA,NA,NA,NA
1620,0.919130522465762,NA,NA,NA,NA,NA,0.733362690332932,NA,NA,NA,NA,NA,NA
1621,0.967266345347584,NA,NA,NA,NA,NA,0.957333597985008,NA,NA,NA,NA,NA,NA
1622,0.956589783328753,NA,NA,NA,NA,NA,0.983128320427469,NA,NA,NA,NA,NA,NA
1623,0.976183092050594,NA,NA,NA,NA,NA,0.993748776426003,NA,NA,NA,NA,NA,NA
1624,0.994291274640748,NA,NA,NA,NA,NA,1.03817839874614,NA,NA,NA,NA,NA,NA
1625,1.00111868465527,NA,NA,NA,NA,NA,1.00929703331921,NA,NA,NA,NA,NA,NA
1626,1.06455227851089,NA,NA,NA,NA,NA,1.09946970664542,NA,NA,NA,NA,NA,NA
1627,1.02405703448025,NA,NA,NA,NA,NA,0.960199988301817,NA,NA,NA,NA,NA,NA
1628,0.965890009544463,NA,NA,NA,NA,NA,0.947220582173112,NA,NA,NA,NA,NA,NA
1629,0.996986255881203,NA,NA,NA,NA,NA,1.02973828856666,NA,NA,NA,NA,NA,NA
1630,0.948850539987687,NA,NA,NA,NA,NA,1.03786111222662,NA,NA,NA,NA,NA,NA
1631,1.02600580517538,NA,NA,NA,NA,NA,1.15005650269067,NA,NA,NA,NA,NA,NA
1632,1.04172355164046,NA,NA,NA,NA,NA,1.17988514248854,NA,NA,NA,NA,NA,NA
1633,0.90478812473262,NA,NA,NA,NA,NA,1.01636398409052,NA,NA,NA,NA,NA,NA
1634,0.962154680483997,NA,NA,NA,NA,NA,1.15052122265475,NA,NA,NA,NA,NA,NA
1635,0.941802408741565,NA,NA,NA,NA,NA,1.04904737848833,NA,NA,NA,NA,NA,NA
1636,1.01403894962262,NA,NA,NA,NA,NA,1.29761151308266,NA,NA,NA,NA,NA,NA
1637,1.0102527380594,NA,NA,NA,NA,NA,1.2714315916997,NA,NA,NA,NA,NA,NA
1638,1.02276108783314,NA,NA,NA,NA,NA,1.18248152870738,NA,NA,NA,NA,NA,NA
1639,1.07968420248718,NA,NA,NA,NA,NA,1.26322755197626,NA,NA,NA,NA,NA,NA
1640,1.10452282692222,NA,NA,NA,NA,NA,1.14937022848212,NA,NA,NA,NA,NA,NA
1641,0.951279637588321,NA,NA,NA,NA,NA,1.02887460324931,NA,NA,NA,NA,NA,NA
1642,1.07683962608533,NA,NA,NA,NA,NA,1.04921376148634,NA,NA,NA,NA,NA,NA
1643,1.03137186833827,NA,NA,NA,NA,NA,1.0521187655927,NA,NA,NA,NA,NA,NA
1644,0.963817169030428,NA,NA,NA,NA,NA,0.94811385398736,NA,NA,NA,NA,NA,NA
1645,0.932399848309791,NA,NA,NA,NA,NA,0.819758741722023,NA,NA,NA,NA,NA,NA
1646,1.02564925365457,NA,NA,NA,NA,NA,0.989939036728336,NA,NA,NA,NA,NA,NA
1647,1.04881058185748,NA,NA,NA,NA,NA,0.949042520822411,NA,NA,NA,NA,NA,NA
1648,1.12321555861604,NA,NA,NA,NA,NA,1.05549930478364,NA,NA,NA,NA,NA,NA
1649,1.09808532023057,NA,NA,NA,NA,NA,1.03445053986404,NA,NA,NA,NA,NA,NA
1650,1.0872375909818,NA,NA,NA,NA,NA,0.920724417787462,NA,NA,NA,NA,NA,NA
1651,1.12900057460234,NA,NA,NA,NA,NA,0.971771404899909,NA,NA,NA,NA,NA,NA
1652,1.00554964071903,NA,NA,NA,NA,NA,1.04677614219452,NA,NA,NA,NA,NA,NA
1653,1.00053064801831,NA,NA,NA,NA,NA,1.03356032816732,NA,NA,NA,NA,NA,NA
1654,1.00902915759482,NA,NA,NA,NA,NA,1.04454043660334,NA,NA,NA,NA,NA,NA
1655,1.14405839135101,NA,NA,NA,NA,NA,1.0285575379565,NA,NA,NA,NA,NA,NA
1656,1.14958413199696,NA,NA,NA,NA,NA,1.21556390349749,NA,NA,NA,NA,NA,NA
1657,1.10047690854367,NA,NA,NA,NA,NA,1.11239582843469,NA,NA,NA,NA,NA,NA
1658,1.13905645826826,NA,NA,NA,NA,NA,1.18174470440162,NA,NA,NA,NA,NA,NA
1659,1.05458944653451,NA,NA,NA,NA,NA,1.14122230147027,NA,NA,NA,NA,NA,NA
1660,1.1106677396993,NA,NA,NA,NA,NA,1.15874177234314,NA,NA,NA,NA,NA,NA
1661,1.02805281388501,NA,NA,NA,NA,NA,1.14569263544243,NA,NA,NA,NA,NA,NA
1662,1.02986313550926,NA,NA,NA,NA,NA,1.11861639271227,NA,NA,NA,NA,NA,NA
1663,1.00365906481007,NA,NA,NA,NA,NA,1.04529879069851,NA,NA,NA,NA,NA,NA
1664,1.03995374532006,NA,NA,NA,NA,NA,0.98527220695568,NA,NA,NA,NA,NA,NA
1665,1.02176488506195,NA,NA,NA,NA,NA,1.00399287771349,NA,NA,NA,NA,NA,NA
1666,1.03048943119387,NA,NA,NA,NA,NA,0.91101398341419,NA,NA,NA,NA,NA,NA
1667,0.977909438739675,NA,NA,NA,NA,NA,0.922460547151867,NA,NA,NA,NA,NA,NA
1668,1.06571350239668,NA,NA,NA,NA,NA,1.07056792184161,NA,NA,NA,NA,NA,NA
1669,0.981401420296358,NA,NA,NA,NA,NA,0.98287998712567,NA,NA,NA,NA,NA,NA
1670,0.943261323432736,NA,NA,NA,NA,NA,1.04357545595274,NA,NA,NA,NA,NA,NA
1671,0.908124918425026,NA,NA,NA,NA,NA,1.05275655811212,NA,NA,NA,NA,NA,NA
1672,0.967716008416246,NA,NA,NA,NA,NA,0.97426881456468,NA,NA,NA,NA,NA,NA
1673,0.969456752414608,NA,NA,NA,NA,NA,0.977337197771321,NA,NA,NA,NA,NA,NA
1674,0.913034381681256,NA,NA,NA,NA,NA,1.03676233153577,NA,NA,NA,NA,NA,NA
1675,NA,NA,NA,NA,NA,NA,1.07641871435222,NA,NA,NA,NA,NA,NA
1676,NA,NA,NA,NA,NA,NA,1.12869330553004,NA,NA,NA,NA,NA,NA
1677,NA,NA,NA,NA,NA,NA,1.19828803199586,NA,NA,NA,NA,NA,NA
1678,NA,NA,NA,NA,NA,NA,1.22468428239545,NA,NA,NA,NA,NA,NA
1679,NA,NA,NA,NA,NA,NA,1.01716500254418,NA,NA,NA,NA,NA,NA
1680,NA,NA,NA,NA,NA,NA,0.752560642260633,NA,NA,NA,NA,NA,NA
1681,NA,NA,NA,NA,NA,NA,0.762853725802256,NA,NA,NA,NA,NA,NA
1682,NA,NA,NA,NA,NA,NA,0.920476537474902,NA,NA,NA,NA,NA,NA
1683,NA,NA,NA,NA,NA,NA,0.868717668336551,NA,NA,NA,NA,NA,NA
1684,NA,NA,NA,NA,NA,NA,1.00236875540303,NA,NA,NA,NA,NA,NA
1685,NA,NA,NA,NA,NA,NA,1.13121331702149,NA,NA,NA,NA,NA,NA
1686,NA,NA,NA,NA,NA,NA,1.0442244616444,NA,NA,NA,NA,NA,NA
1687,NA,NA,NA,NA,NA,NA,1.06054668674645,NA,NA,NA,NA,NA,NA
1688,NA,NA,NA,NA,NA,NA,0.960613366797558,NA,NA,NA,NA,NA,NA
1689,NA,NA,NA,NA,NA,NA,0.913225697767151,NA,NA,NA,NA,NA,NA
1690,NA,NA,NA,NA,NA,NA,0.879707240224082,NA,NA,NA,NA,NA,NA
1691,NA,NA,NA,NA,NA,NA,0.95458132313855,NA,NA,NA,NA,NA,NA
1692,NA,NA,NA,NA,NA,NA,1.01268004304558,NA,NA,NA,NA,NA,NA
1693,NA,NA,NA,NA,NA,NA,0.998590390292588,NA,NA,NA,NA,NA,NA
1694,NA,NA,NA,NA,NA,NA,0.952793673163659,NA,NA,NA,NA,NA,NA
1695,NA,NA,NA,NA,NA,NA,0.899372274628574,NA,NA,NA,NA,NA,NA
1696,NA,NA,NA,NA,NA,NA,0.868187648709654,NA,NA,NA,NA,NA,NA
1697,NA,NA,NA,NA,NA,NA,0.921789346579804,NA,NA,NA,NA,NA,NA
1698,NA,NA,NA,NA,NA,NA,1.04163163035011,NA,NA,NA,NA,NA,NA
1699,NA,NA,NA,NA,NA,NA,1.00152228789976,NA,NA,NA,NA,NA,NA
1700,NA,NA,NA,NA,NA,NA,1.03230991908494,NA,NA,NA,NA,NA,NA
1701,NA,NA,NA,NA,NA,NA,1.03250575759945,NA,NA,NA,NA,NA,NA
1702,NA,NA,NA,NA,NA,NA,1.0337353676047,NA,NA,NA,NA,NA,NA
1703,NA,NA,NA,NA,NA,NA,1.07222975317162,NA,NA,NA,NA,NA,NA
1704,NA,NA,NA,NA,0.938796742525286,NA,1.10827908481591,NA,NA,NA,NA,NA,NA
1705,NA,NA,NA,NA,0.851728983539685,NA,0.831711385220155,NA,NA,NA,NA,NA,NA
1706,NA,NA,NA,NA,0.851230220016477,NA,0.790884741634161,NA,NA,NA,NA,NA,NA
1707,NA,NA,NA,NA,1.19679022277435,NA,0.967881187572332,NA,NA,NA,NA,NA,NA
1708,NA,NA,NA,NA,1.04022021119149,0.978582696654918,0.846332011654714,NA,NA,NA,NA,NA,NA
1709,NA,NA,NA,NA,0.999532549119349,0.946042736637879,0.803741077885368,NA,NA,NA,NA,NA,NA
1710,NA,NA,NA,NA,0.912898166582941,0.982652442173466,0.936439581962538,NA,NA,NA,NA,NA,NA
1711,NA,NA,NA,NA,1.12110332609073,1.00471796107396,0.967448433083479,NA,NA,NA,NA,NA,NA
1712,NA,NA,NA,NA,1.10737575243784,0.991706496389384,0.988728145723433,NA,NA,NA,NA,NA,NA
1713,NA,NA,NA,NA,1.07817746040942,0.963115911030365,0.975368975820894,NA,NA,NA,NA,NA,NA
1714,NA,NA,NA,NA,0.755299147451592,0.886511412509045,0.796949321447169,NA,NA,NA,NA,NA,NA
1715,NA,NA,NA,NA,0.97341713799266,0.91436698175384,0.885141542626442,NA,NA,NA,NA,NA,NA
1716,NA,NA,NA,NA,0.973988817685623,0.915391034949544,0.86762154465087,NA,NA,NA,NA,NA,NA
1717,NA,NA,NA,NA,0.853119933387446,0.934826454769027,0.926739841510525,NA,NA,NA,NA,NA,NA
1718,NA,NA,NA,NA,0.912316650614132,0.917133186069673,0.934594860074989,NA,NA,NA,NA,NA,NA
1719,NA,NA,NA,NA,0.880427672652035,0.901226528387637,0.918191431774581,NA,NA,NA,NA,NA,NA
1720,NA,NA,NA,NA,0.86313548025542,0.951005958048897,0.81372429568007,NA,NA,NA,NA,NA,NA
1721,NA,NA,NA,NA,1.07774825415577,1.03467435120945,0.933570816832035,NA,NA,NA,NA,NA,NA
1722,NA,NA,NA,NA,1.02624387983074,1.00993437881374,1.08118118956957,NA,NA,NA,NA,NA,NA
1723,NA,NA,0.96227180117929,NA,0.815580125172658,0.929993651511773,1.0466261508645,NA,NA,NA,NA,NA,NA
1724,NA,NA,0.982046103888903,1.01764497585478,0.848688889810418,0.942747680772586,1.07550693372124,NA,NA,NA,NA,NA,NA
1725,NA,NA,1.00318409840048,1.00153922861048,0.96849879077895,1.01522593867785,1.02689669052638,NA,NA,NA,NA,NA,NA
1726,NA,NA,1.001897033218,1.01837294871872,0.972321590328927,1.01024893106697,1.00679260416121,NA,NA,NA,NA,NA,NA
1727,NA,NA,0.993269369679514,1.00940705705754,0.920207758953343,0.975804865595865,0.913295689870696,NA,NA,NA,NA,NA,NA
1728,NA,NA,0.999761767545578,0.959258514482758,0.800355955859898,0.877066674566938,0.888331163830524,NA,NA,NA,NA,NA,NA
1729,NA,NA,0.982074899125002,0.937230167692185,0.929357467582662,0.949385273240454,0.915320335061384,NA,NA,NA,NA,NA,NA
1730,NA,NA,1.02001783245913,1.03481367905402,1.17047230541561,1.03328045993618,1.06461560511297,NA,NA,NA,NA,NA,NA
1731,NA,NA,0.966760653658579,1.07028457094988,1.02266091876598,1.00438093373055,0.963993648276706,NA,NA,NA,NA,NA,NA
1732,NA,NA,0.9473080928243,1.01755258685935,0.885705619534645,1.00098500052034,1.10162267452454,NA,NA,NA,NA,NA,NA
1733,NA,NA,0.958650509134366,0.948248363566653,0.896670556177789,0.960971238605115,1.08037144289595,NA,NA,NA,NA,NA,NA
1734,NA,NA,0.961177472509124,0.950753706838003,0.862504423678397,0.950679308022945,0.965442824348887,NA,NA,NA,NA,NA,NA
1735,NA,NA,0.980877188746502,1.00333955894064,1.06592409173292,1.00329053181004,1.10645533107559,NA,NA,NA,NA,NA,NA
1736,NA,NA,1.02347489124872,1.09114900293074,1.12868158520926,1.03795327637417,1.17648821132748,NA,NA,NA,NA,NA,NA
1737,NA,NA,0.987020439857652,0.978719761181447,0.876579778500938,0.894564619274998,0.880494334167947,NA,NA,NA,NA,NA,NA
1738,NA,NA,1.00232548304815,1.03401109808887,0.921238078080796,0.913729866901748,1.00764342627159,NA,NA,NA,NA,NA,NA
1739,NA,NA,1.00247341159276,1.04918899688621,1.00058674641824,0.959258620101465,0.969713543459528,NA,NA,NA,NA,NA,NA
1740,NA,NA,0.942715430501804,0.954597577175177,0.957582766756037,0.980417953281892,0.843133375605255,NA,NA,NA,NA,NA,NA
1741,NA,NA,0.933060297630451,0.89221011463211,0.730679017770173,0.898209781510438,0.783477300639551,NA,NA,NA,NA,NA,NA
1742,NA,NA,0.977078044817499,1.00548659577473,0.982155460750899,1.01558351821239,0.889960624883244,NA,NA,NA,NA,NA,NA
1743,NA,NA,0.961828662907996,0.896302236806893,0.986157684447973,1.07149331763394,0.832245513415994,NA,NA,NA,NA,NA,NA
1744,NA,NA,0.975421802154893,0.953133843130087,1.16117469932309,1.12747650447005,0.895960102262687,NA,NA,NA,NA,NA,NA
1745,NA,NA,0.886490722861233,0.770735990714991,1.06172845323581,1.02037281715491,0.868152059284006,NA,NA,NA,NA,NA,NA
1746,NA,NA,0.891745352909589,0.76700673666371,0.833218066066025,0.944860927466698,0.848804163781039,NA,NA,NA,NA,NA,NA
1747,NA,NA,0.925026125433301,0.832745248943017,0.808150431658817,0.93238523817359,0.782280809350577,NA,NA,NA,NA,NA,NA
1748,NA,NA,0.977486230330987,0.90942852058247,0.988000374051295,1.02499494158459,0.911176657359927,NA,NA,NA,NA,NA,NA
1749,NA,NA,0.99947155616359,0.907468552048484,1.0512017965286,1.01672690757268,0.826545052244767,NA,NA,NA,NA,NA,NA
1750,NA,NA,1.06463299688478,1.06539999489827,1.1302490713683,1.1200628901926,0.999743823556138,NA,NA,NA,NA,NA,NA
1751,NA,NA,1.02817784191859,1.01307851588532,1.12423426216205,1.09267022573888,0.904310614498851,NA,NA,NA,NA,NA,NA
1752,NA,NA,1.0191557466047,1.03485604970798,1.06161390992832,1.08257886791821,1.01410335651466,NA,NA,NA,NA,NA,NA
1753,NA,NA,1.0249755096378,0.981276063016234,0.969312398052607,1.02673064078863,0.962111171255281,NA,NA,NA,NA,NA,NA
1754,NA,NA,1.02442684026045,1.05812502901659,0.966276436967736,1.00334764079741,1.00756169705729,NA,NA,NA,NA,NA,NA
1755,NA,NA,1.0289053251355,1.08514801343166,0.925538416941547,0.960117548314445,1.05280097531349,NA,NA,NA,NA,NA,NA
1756,NA,NA,1.03081362393963,1.0399329726974,0.934673443122014,0.941964177488213,0.969945705389867,NA,NA,NA,NA,NA,NA
1757,NA,NA,1.071770387274,1.10288637543995,1.00473660456666,1.01367314115903,1.09423140071101,NA,NA,NA,NA,NA,NA
1758,NA,NA,1.03824187038645,1.02395304729879,1.04214040647032,1.05960680133679,1.07336010100475,NA,NA,NA,NA,NA,NA
1759,NA,NA,1.00660305134983,0.996612214208327,1.09979603956825,1.04238958236607,0.882450389829117,NA,NA,NA,NA,NA,NA
1760,NA,NA,0.987624106178392,0.993758281651988,1.09207954647293,1.02038016273191,0.947259186589395,NA,NA,NA,NA,NA,NA
1761,NA,NA,1.00991262035335,0.999387487941684,1.1003836949481,1.05398760422357,0.938385922649617,NA,NA,NA,NA,NA,NA
1762,NA,NA,1.02220444182378,1.06456154134692,1.10864239220584,1.05699519802048,1.0584342081292,NA,NA,NA,NA,NA,NA
1763,NA,NA,0.982510468490602,0.942210916948839,0.884560984358027,0.987645657510852,1.12330240520447,NA,NA,NA,NA,NA,NA
1764,NA,NA,0.964181519266308,0.943204268269442,0.706879311629036,0.884351612255495,1.06607693853705,NA,NA,NA,NA,NA,NA
1765,NA,NA,1.00243056847862,1.03294092303707,0.78033192495808,0.938905887016154,1.17933148499431,NA,NA,NA,NA,NA,NA
1766,NA,NA,1.042085472813,1.10853910046272,1.03479577744501,1.01197754986929,1.25602854966307,NA,NA,NA,NA,NA,NA
1767,NA,NA,1.01701438837238,1.03873259201322,1.13336610911475,0.993882516282453,1.30805190426673,NA,NA,NA,NA,NA,NA
1768,NA,NA,0.995172327132353,1.00626522232333,0.996729500437539,0.969983706116553,1.15521078340655,NA,NA,NA,NA,NA,NA
1769,NA,NA,0.988317823704752,0.942118196236449,0.796390541962836,0.87199567734209,1.02153198560641,NA,NA,NA,NA,NA,NA
1770,NA,NA,0.978602207088182,0.866170373619955,0.81493284985338,0.9015229987716,1.06204031858576,NA,NA,NA,NA,NA,NA
1771,NA,NA,0.951807699393642,0.828737291605983,0.95795941713896,0.990890948585002,1.1061849450959,NA,NA,NA,NA,NA,NA
1772,NA,NA,0.94085518714418,0.829140103304741,1.09101556803976,1.08340154257904,0.988357039086297,NA,NA,NA,NA,NA,NA
1773,NA,NA,1.00828793686126,0.968383379551114,1.15498565549086,1.04490117332594,1.02822838337176,NA,NA,NA,NA,NA,NA
1774,NA,NA,1.06912915321707,1.08878013723324,1.22048537286383,1.08129340420636,1.07175528633663,NA,NA,NA,NA,NA,NA
1775,NA,NA,1.05776291110399,1.08915527344788,1.22337329042968,1.11387983258985,1.02334521703066,NA,NA,NA,NA,NA,NA
1776,NA,NA,1.04219674293311,1.00574214328038,1.22118105947277,1.06425177913251,1.06256630429451,NA,NA,NA,NA,NA,NA
1777,NA,NA,1.01186339907816,1.06732937423752,1.19284203939851,1.09611393046709,0.999809321820995,NA,NA,NA,NA,NA,NA
1778,NA,NA,1.02332050417399,1.17741649922959,1.19570893627063,1.08645526096586,1.0008242862687,NA,NA,NA,NA,NA,NA
1779,NA,NA,0.988930418765516,1.09038798817851,1.08555578041464,1.04610492208469,0.97242737751906,NA,NA,NA,NA,NA,NA
1780,NA,NA,1.01031337575802,1.00682117905872,1.16341550585796,1.0855660754186,1.0195840206483,NA,NA,NA,NA,NA,NA
1781,NA,NA,0.99683535434833,0.931000670242167,0.923682077229617,0.824260212796408,0.836741108450315,NA,NA,NA,NA,NA,NA
1782,NA,NA,0.99310998520869,0.956465148212174,0.675163720931821,0.648585933324341,0.864188907548603,NA,NA,NA,NA,NA,NA
1783,NA,NA,1.0022557931383,0.966410153456561,0.805840703135798,0.726603900627026,0.870091122914203,NA,NA,NA,NA,NA,NA
1784,NA,NA,1.03876606286978,1.00347042053005,0.851181798107018,0.80912573509951,0.810841169252141,NA,NA,NA,NA,NA,NA
1785,NA,NA,1.05559645802248,1.08470377572663,0.836226978505366,0.899032247725856,0.893499998479678,NA,NA,NA,NA,NA,NA
1786,NA,NA,1.00992822490443,1.04219011558311,0.863764168535466,0.926220451445964,0.84620763012535,NA,NA,NA,NA,NA,NA
1787,NA,NA,1.03712962724322,1.05455304034552,1.10702212486551,1.0230286378609,0.990670293147256,NA,NA,NA,NA,NA,NA
1788,NA,NA,1.01081637983666,0.87716806447722,1.05904857542829,0.972864096952588,0.955893980983771,NA,NA,NA,NA,NA,NA
1789,NA,NA,0.963789308986682,0.812708467295212,1.04847896300069,0.981164572093588,1.24866917691066,NA,NA,NA,NA,NA,NA
1790,NA,NA,0.966947115162433,0.911945911184061,1.10280920510267,1.01927670997358,1.21136222267066,NA,NA,NA,NA,NA,NA
1791,NA,NA,1.00361299483586,0.958860269302543,1.08647205874212,1.01904921419988,1.20374138834702,NA,NA,NA,NA,NA,NA
1792,NA,NA,1.0233787816202,0.983026731578094,1.10831206613043,1.04261366507497,1.25626340413796,NA,NA,NA,NA,NA,NA
1793,NA,NA,1.01606368591387,1.1402215860028,1.15429063818111,1.08457371796448,1.19076692747881,NA,NA,NA,NA,NA,NA
1794,NA,NA,0.990737759810433,1.15051315162553,1.12017811742461,1.0924190604377,1.22323973524171,NA,NA,NA,NA,NA,NA
1795,NA,NA,1.01998702892975,1.09877708970161,1.25238628581124,1.1325785801039,1.21160535845753,NA,NA,NA,NA,NA,NA
1796,NA,NA,1.0218178168866,1.07280267249548,1.41869364330216,1.16352388513263,1.2373194120645,NA,NA,NA,NA,NA,NA
1797,NA,NA,0.999714027766297,1.09568949869386,1.3072847923141,1.0433595576704,1.09239874640004,NA,NA,NA,NA,NA,NA
1798,NA,NA,1.04513938826819,1.0656034784756,1.35204900916084,1.11349728567358,1.20743705850311,NA,NA,NA,NA,NA,NA
1799,NA,NA,1.02503241398414,0.96090825845279,1.38063534637919,1.12743333621617,1.2504955764387,NA,NA,NA,NA,NA,NA
1800,NA,NA,1.00131197795718,1.02955151270774,1.13070078973204,1.04758689599474,1.0925758492585,NA,NA,NA,NA,NA,NA
1801,NA,NA,1.00315306160128,1.1150261735458,1.1463234942219,1.04991310609297,1.15403922068244,NA,NA,NA,NA,NA,NA
1802,NA,NA,0.984732315391659,1.10093986915937,1.3655618224784,1.124875272367,0.950826311768895,NA,NA,NA,NA,NA,NA
1803,NA,NA,0.951159777458666,0.966982866854922,1.10609007368951,1.03228065295972,0.89125359118295,NA,NA,NA,NA,NA,NA
1804,NA,NA,0.991063557485901,0.947365639476597,1.15478110352131,1.05345339114484,1.0732357195372,NA,NA,NA,NA,NA,NA
1805,NA,NA,1.03650898593593,1.00057751213747,1.31159266566616,1.13367766076249,1.05997419815871,NA,NA,NA,NA,NA,NA
1806,NA,NA,0.983113308988563,0.893642906330851,0.814001272677878,0.971317642418142,0.849999047541871,NA,NA,NA,NA,NA,NA
1807,NA,NA,1.02376546868659,1.03210259943976,0.763503825335218,0.974471773032037,0.982629138841075,NA,NA,NA,NA,NA,NA
1808,NA,NA,1.01969645242727,1.04926051463583,0.68307154807354,0.888577523397115,0.958966104657611,NA,NA,NA,NA,NA,NA
1809,NA,NA,1.02792792036107,1.05385894698233,0.697132997575821,0.876168592955905,0.958010374884895,NA,NA,NA,NA,NA,NA
1810,NA,NA,1.02908290410994,1.02069523617015,0.63278104895966,0.843613036610471,0.89972031076064,NA,NA,NA,NA,NA,NA
1811,NA,NA,1.02854976293625,1.01244189480692,0.687610677060524,0.886031719264226,0.949335289353683,NA,NA,NA,NA,NA,NA
1812,NA,NA,1.02291069174639,1.03906462633437,0.701665102657061,0.957571078728071,0.887660290991332,NA,NA,NA,NA,NA,NA
1813,NA,NA,1.00377687367449,1.07234983523838,0.964893721553294,1.04758981840219,0.996476359128919,NA,NA,NA,NA,NA,NA
1814,NA,NA,1.03020931229579,1.08476999147678,1.06937383865357,1.0827097348732,1.09621213347673,NA,NA,NA,NA,NA,NA
1815,NA,NA,0.992304992072159,0.972998024225704,0.787674018861051,0.966970202924525,0.914917494039029,NA,NA,NA,NA,NA,NA
1816,NA,NA,1.04148544746599,1.07857469222356,0.890444171640499,0.992442369946124,1.05755816527506,NA,NA,NA,NA,NA,NA
1817,NA,NA,1.02854223968884,1.09865180570027,0.872995657564602,0.965065397928465,1.12490458549369,NA,NA,NA,NA,NA,NA
1818,NA,NA,1.02302682306963,1.17326915257329,0.88422907880072,0.971931960364938,1.12288705903139,NA,NA,NA,NA,NA,NA
1819,NA,NA,1.03830233030909,1.20915445355431,1.17850656559439,1.03845670731433,1.24356917854595,NA,NA,NA,NA,NA,NA
1820,NA,NA,0.965900481022016,1.11266722007537,1.16017828977412,0.973855093872961,1.10465271872909,NA,NA,NA,NA,NA,NA
1821,NA,NA,1.01794522883121,1.05893498995829,1.1270929082401,1.02113863154312,1.00535301566575,NA,NA,NA,NA,NA,NA
1822,NA,NA,1.00660907644903,0.96878261520276,0.763461474931816,0.926632232358028,0.939616047913117,NA,NA,NA,NA,NA,NA
1823,NA,NA,1.03603660511613,0.999032431145883,1.10901370364081,1.06542353060574,1.10866609223778,NA,NA,NA,NA,NA,NA
1824,NA,NA,1.02938455501024,1.09796438689143,1.20174708578962,1.08495653779599,1.03014988961429,NA,NA,NA,NA,NA,NA
1825,NA,NA,0.977995536123834,1.05467141532974,0.874917608485482,0.969316452494458,0.828441349300553,NA,NA,NA,NA,NA,NA
1826,NA,NA,1.01170927896541,1.14808669093457,0.915056972030857,1.00360648805037,1.00467435507916,NA,NA,NA,NA,NA,NA
1827,NA,NA,1.02773908305537,1.11281217681154,1.15912358884278,1.07457660222684,0.987879159685779,NA,NA,NA,NA,NA,NA
1828,NA,NA,1.02563838056723,1.1746185635546,1.10250394047412,1.02696102230946,0.926528648218799,NA,NA,NA,NA,NA,NA
1829,NA,NA,1.04547803129724,1.19247897687826,1.0251520436282,1.04067584412277,0.921137265654322,NA,NA,NA,NA,NA,NA
1830,NA,NA,1.03370069857375,1.24079669343021,1.00983340619603,0.996970543531367,0.839984376633614,NA,NA,NA,NA,NA,NA
1831,NA,NA,0.988090801808284,1.10610003015348,1.17271001692654,1.07611233534083,0.999795780805929,NA,NA,NA,NA,NA,NA
1832,NA,NA,0.985514016809605,1.07102978162555,1.11612195438267,1.02671380529141,0.831736567089628,NA,NA,NA,NA,NA,NA
1833,NA,NA,0.96444615623602,1.0096458162636,1.07917159766364,0.974074537553985,0.892590101475032,NA,NA,NA,NA,NA,NA
1834,NA,NA,0.978089696174892,0.938182555203981,1.03201181966398,0.973405350316051,0.946989016713955,NA,NA,NA,NA,NA,NA
1835,NA,NA,0.947650266114814,0.790869077048414,0.866568375943322,0.934177346117639,0.872113011559541,NA,NA,NA,NA,NA,NA
1836,NA,NA,0.993819994178801,0.799889843338992,0.824669306235432,0.975711994454804,0.962505013608026,NA,NA,NA,NA,NA,NA
1837,NA,NA,0.941030533743416,0.748692296964722,0.675558849205398,0.86630956557685,0.672580204775027,NA,NA,NA,NA,NA,NA
1838,NA,NA,0.943571319784713,0.758741132194164,0.792397312688222,0.940706525121454,0.87187481051369,NA,NA,NA,NA,NA,NA
1839,NA,NA,0.943193459735472,0.730993634440917,0.90138711214524,1.06814633114868,0.806585988320506,NA,NA,NA,NA,NA,NA
1840,NA,NA,1.00686504175864,0.883293260707099,1.09622589912689,1.14951362441593,0.951342850403889,NA,NA,NA,NA,NA,NA
1841,NA,NA,1.03160408615053,0.945242455458548,1.21519722657761,1.18284329390887,1.01251750456555,NA,NA,NA,NA,NA,NA
1842,NA,NA,0.995298169782406,0.864842534622463,0.998595761941302,1.11676428753916,0.975564523827929,NA,NA,NA,NA,NA,NA
1843,NA,NA,1.03229578010299,0.851582521068814,0.953991874669468,0.995880278079253,1.07969757777737,NA,NA,NA,NA,NA,NA
1844,NA,NA,1.04663772460262,0.936537884509589,0.885945530888576,1.06338043709827,1.12738059726896,NA,NA,NA,NA,NA,NA
1845,NA,NA,1.01510105955618,0.84597462755403,1.01061730591509,1.06051676020167,1.26635975909047,NA,NA,NA,NA,NA,NA
1846,NA,NA,0.999518515638417,0.79987938253886,1.05453671883103,1.07014100386966,1.26981046470106,NA,NA,NA,NA,NA,NA
1847,NA,NA,0.979804053156399,0.840148342852741,0.994839903999442,1.03064249190628,1.29245070701064,NA,NA,NA,NA,NA,NA
1848,NA,NA,0.956544946772052,0.833341696356494,0.899858540696165,0.960164729214167,1.17457802684415,NA,NA,NA,NA,NA,NA
1849,NA,NA,0.985401157010547,0.870647032027328,0.969219974407172,1.02164507819328,1.2111094379299,NA,NA,NA,NA,NA,NA
1850,NA,NA,0.936942014714272,0.871431274664396,0.837148850943201,0.948580914666989,1.0934301067843,NA,NA,NA,NA,NA,NA
1851,NA,NA,0.982887441033451,0.942637042497532,1.05966797431153,0.955989420541273,1.14864452629182,NA,NA,NA,NA,NA,NA
1852,NA,NA,0.986648010074429,0.912906449327777,1.12542313804155,1.01830609969907,1.24723863001712,NA,NA,NA,NA,NA,NA
1853,NA,NA,0.969631961370256,0.90730999762287,1.00952673253265,1.01230504027964,1.18029854441066,NA,NA,NA,NA,NA,NA
1854,NA,NA,0.984234597676844,0.950982304774126,0.915137883983845,0.98386638141574,1.1646465543977,NA,NA,NA,NA,NA,NA
1855,NA,NA,0.95495952581405,0.889045134449012,0.794092095497133,0.936442506857738,1.0490734881129,NA,NA,NA,NA,NA,NA
1856,NA,NA,0.977715856074693,1.03743511113681,0.926853061911761,0.955732543302079,0.955748541757398,NA,NA,NA,NA,NA,NA
1857,NA,NA,0.977540432932607,0.981732873016031,0.842434166982181,0.867342332871424,0.654011843983626,NA,NA,NA,NA,NA,NA
1858,NA,NA,1.03529699951194,1.16286570115111,1.11554782041993,1.08774088211585,0.862305350611178,NA,NA,NA,NA,NA,NA
1859,NA,NA,1.01651685706746,1.07745523792231,1.0057404542426,1.09235949032525,0.890709829416094,NA,NA,NA,NA,NA,NA
1860,NA,NA,1.001723413022,1.02120366205563,1.01564594464273,1.06662892073229,0.971033522551691,NA,NA,NA,NA,NA,NA
1861,NA,NA,1.0400820082872,1.11825767863021,1.19509349188865,1.11427701935591,0.976535071481961,NA,NA,NA,NA,NA,NA
1862,NA,NA,1.00146574140295,1.11506492084079,0.810903210863916,0.948730293188723,0.88054029002685,NA,NA,NA,NA,NA,NA
1863,NA,NA,1.01129551248667,1.1525523959664,0.748461008378982,0.907317754257545,0.901178398974741,NA,NA,NA,NA,NA,NA
1864,NA,NA,0.999517991591434,1.16903578096816,1.00065239404459,0.978031254751496,0.958345688986564,NA,NA,NA,NA,NA,NA
1865,NA,NA,0.978608164495687,1.12226873422406,0.933767118498205,0.994826120132999,0.825112341210267,NA,NA,NA,NA,NA,NA
1866,NA,NA,0.972199952164577,1.02670572698018,0.983483092669755,0.975060939320984,0.876643291341773,NA,NA,NA,NA,NA,NA
1867,NA,NA,0.945682601708473,1.04270502121868,0.904219018383195,0.992122055754222,0.84230842188912,NA,NA,NA,NA,NA,NA
1868,NA,NA,0.9482816121685,0.93860599633079,0.709973177946034,0.846541515084394,0.764961428881786,NA,NA,NA,NA,NA,NA
1869,NA,NA,0.950833102124163,1.0139987887512,0.916136492743757,0.954221448533642,0.963257882917251,NA,NA,NA,NA,NA,NA
1870,NA,NA,1.00257495123955,1.11476542337797,1.04174638579296,1.02668744484399,1.08467537066617,NA,NA,NA,NA,NA,NA
1871,NA,NA,0.98032901374822,1.04664771053153,1.11093483079999,1.05439432768293,1.1161371686513,NA,NA,NA,NA,NA,NA
1872,NA,NA,1.00081448211681,1.02738226708088,1.13614106741851,1.07246422379047,1.23101926562887,NA,NA,NA,NA,NA,NA
1873,NA,NA,0.99189105038676,1.09594309395162,1.18388241755412,1.05782568541674,1.37339180170571,NA,NA,NA,NA,NA,NA
1874,NA,NA,0.965260534163571,1.13606285283433,0.865357476209169,0.948382177791325,1.11114846580251,NA,NA,NA,NA,NA,NA
1875,NA,NA,0.984287588944421,1.14547314723052,0.899158943504136,0.940876744524641,1.18666987456648,NA,NA,NA,NA,NA,NA
1876,NA,NA,1.00915900346153,1.13829895421334,1.38035842428387,1.07920687423143,1.23275948366938,NA,NA,NA,NA,NA,NA
1877,NA,NA,0.965309847662405,1.02190252735507,1.42484297328145,1.04380902138635,0.933735687976256,NA,NA,NA,NA,NA,NA
1878,NA,NA,0.96982994066539,0.995477318607004,1.51949447408357,1.0778636939245,1.06161958436054,NA,NA,NA,NA,NA,NA
1879,NA,NA,0.993855739039798,1.00765918186391,1.55399764533878,1.14359447314252,1.05973279925128,NA,NA,NA,NA,NA,NA
1880,NA,NA,0.999259644106439,1.02497120930113,1.08505706332685,1.05885247552934,0.994646614412193,NA,NA,NA,NA,NA,NA
1881,NA,NA,0.976435926825067,0.986985190708335,0.870156388363464,0.981318900208532,0.94359771716876,NA,NA,NA,NA,NA,NA
1882,NA,NA,1.04588316628118,1.04796666440495,0.946326738412453,1.02079290818827,0.876630255924833,NA,NA,NA,NA,NA,NA
1883,NA,NA,1.0554333120447,1.08836450883527,1.05248298595057,1.05004938444625,1.01549263837339,NA,NA,NA,NA,NA,NA
1884,NA,NA,1.03853052826501,0.995787584650285,1.02591604912584,1.06914262704945,0.919398306080977,NA,NA,NA,NA,NA,NA
1885,NA,NA,0.958836703864541,0.80264651029016,0.607072046943336,0.834925197926197,0.694558015879635,NA,NA,NA,NA,NA,NA
1886,NA,NA,0.966013265733921,0.847281616338942,0.70545161834323,0.815085385978367,0.722986775785281,NA,NA,NA,NA,NA,NA
1887,NA,NA,0.95415805643069,0.83120961674105,0.720765543718597,0.907927599749223,0.796345405314942,NA,NA,NA,NA,NA,NA
1888,NA,NA,0.943784301960313,0.832058483500305,0.839985754704188,0.956083452724065,0.763888669813454,NA,NA,NA,NA,NA,NA
1889,NA,NA,0.956959950894428,0.874019204309945,0.941402224867632,0.944678942478935,0.776410259424214,NA,NA,NA,NA,NA,NA
1890,NA,NA,0.979649245937207,0.926215389853039,1.04948689856976,1.05780677271203,0.931372164133544,NA,NA,NA,NA,NA,NA
1891,NA,NA,0.964512520567663,0.851618209915093,0.973745484733136,0.994889508427374,0.891618524367045,NA,NA,NA,NA,NA,NA
1892,NA,NA,0.929887112891631,0.81764314273692,0.818216720077475,0.942651737884564,0.87383567238737,NA,NA,NA,NA,NA,NA
1893,NA,NA,0.930088407096414,0.892973112402553,0.806252130889985,0.934828724552368,0.778231003198835,NA,NA,NA,NA,NA,NA
1894,NA,NA,0.944906729347076,0.975910400298207,1.00589337373682,1.07177999504814,0.917666198892536,NA,NA,NA,NA,NA,NA
1895,NA,NA,0.98869852166553,0.995219795822875,1.22068830214932,1.17356758182747,1.06328875649692,NA,NA,NA,NA,NA,NA
1896,NA,NA,1.01976790724679,1.02523519425847,1.06398345788202,1.10102413026748,0.991399448731522,NA,NA,NA,NA,NA,NA
1897,NA,NA,0.968177459180887,1.05360863696281,0.958271421622502,0.992799092798051,1.05572434321882,NA,NA,NA,NA,NA,NA
1898,NA,NA,0.966129694157316,1.06520043363138,1.02862426083434,1.01731730337661,1.06991316028704,NA,NA,NA,NA,NA,NA
1899,NA,NA,0.946145564102394,1.03397969139514,0.871760766748126,0.956531621964953,0.916288478315403,NA,NA,NA,NA,NA,NA
1900,NA,NA,0.866879722407228,0.859472285892022,0.649978322221604,0.809311400780101,0.77343643734623,NA,NA,NA,NA,NA,NA
1901,NA,NA,0.941071846650651,0.950383400837789,0.743981149124775,0.82497581521636,0.775400566656899,NA,NA,NA,NA,NA,NA
1902,NA,NA,0.949739493624548,0.89351603200614,0.730093555575855,0.91429659243557,0.72612456557859,NA,NA,NA,NA,NA,NA
1903,NA,NA,0.904698308426643,0.76682679607777,0.715811616638673,0.826515421662156,0.579752356620911,NA,NA,NA,NA,NA,NA
1904,NA,NA,0.944850829524417,0.871311141742037,1.03412000459759,0.973025069115549,0.754994921952179,NA,NA,NA,NA,NA,NA
1905,NA,NA,0.979446508863401,0.940474430850734,1.11711353303285,1.06610297228369,0.883567238728966,NA,NA,NA,NA,NA,NA
1906,NA,NA,1.00137752941034,0.955213216620697,1.15231256249827,1.11594167712255,0.868836985239084,NA,NA,NA,NA,NA,NA
1907,NA,NA,0.988435798160563,0.928114539675898,1.22603556671005,1.08452928139243,0.853434595553039,NA,NA,NA,NA,NA,NA
1908,NA,NA,1.01084636437776,0.983526678961761,1.17109663921343,1.07205165622098,0.918024004498358,NA,NA,NA,NA,NA,NA
1909,NA,NA,0.995063279864994,0.92998331390241,0.979098252133429,0.965715041117057,0.801714519998304,NA,NA,NA,NA,NA,NA
1910,NA,NA,0.993522500569271,0.938128194431633,0.937430755453733,0.953966460021221,0.940519248017335,NA,NA,NA,NA,NA,NA
1911,NA,NA,0.952859416285944,0.91702826108294,1.05989093112987,0.954945641266138,0.864574399085462,NA,NA,NA,NA,NA,NA
1912,NA,NA,1.01742098681728,0.974426246348523,1.26258298643061,1.03442056534732,1.02776462753309,NA,NA,NA,NA,NA,NA
1913,NA,NA,1.00044929217796,0.911231845392897,1.0331508052509,0.977876512377139,0.980151729253198,NA,NA,NA,NA,NA,NA
1914,NA,NA,1.04867581305024,1.02654271689513,1.12661381852262,0.974845458636806,1.16490424656121,NA,NA,NA,NA,NA,NA
1915,NA,NA,1.03693402126811,1.0563974730883,1.17894575381711,1.01036546204078,1.05428829637576,NA,NA,NA,NA,NA,NA
1916,NA,NA,0.992057679062241,0.971605438861906,1.27507066099853,1.02546043240106,1.21141089397594,NA,NA,NA,NA,NA,NA
1917,NA,NA,1.00403339864188,1.02959402013242,1.18955399975528,1.02995801842256,1.20338461684339,NA,NA,NA,NA,NA,NA
1918,NA,NA,1.01164016745065,1.09209272408492,1.13981972407468,1.03106901370278,1.16884491470683,NA,NA,NA,NA,NA,NA
1919,NA,NA,1.01210058459472,1.09316719098243,1.20831728827654,1.03887362729853,1.22436092766721,NA,NA,NA,NA,NA,NA
1920,NA,NA,0.991821124822615,1.15840442647028,0.989635966265687,0.993220492209348,1.07250772605069,NA,NA,NA,NA,NA,NA
1921,NA,NA,1.02309833688814,1.21257744877701,0.877981403400146,1.00206706606586,1.02419353495062,NA,NA,NA,NA,NA,NA
1922,NA,NA,1.06605435517041,1.24650254974777,0.991637124527293,1.03558362810993,1.19689608964339,NA,NA,NA,NA,NA,NA
1923,NA,NA,1.05035018646542,0.957435940290225,0.744949749735044,0.924122638544967,1.05292253853029,NA,NA,NA,NA,NA,NA
1924,NA,NA,1.05983417849868,1.03064210426846,0.855789587604739,0.972774744208853,1.1562364396899,NA,NA,NA,NA,NA,NA
1925,NA,NA,1.05910650921769,0.986968904813484,0.951452005311327,1.00651509695947,1.2321540618299,NA,NA,NA,NA,NA,NA
1926,NA,NA,1.02557795768022,0.930662570936366,0.9182868260996,0.970559111276174,1.08829642848268,NA,NA,NA,NA,NA,NA
1927,NA,NA,1.04837793586934,1.00860523431037,1.09585694335287,1.0087729694688,1.14181096774755,NA,NA,NA,NA,NA,NA
1928,NA,NA,1.0129724327156,0.908803545438827,0.859323843794146,0.944631079559704,1.024091085718,NA,NA,NA,NA,NA,NA
1929,NA,NA,0.992018373810232,0.940972708239298,0.779089011129277,0.919569221685864,0.997496369859826,NA,NA,NA,NA,NA,NA
1930,NA,NA,1.06178712536197,1.13081195791605,1.08030562600785,1.03796579841679,1.1676506100806,NA,NA,NA,NA,NA,NA
1931,NA,NA,1.0071329977362,0.992701000537461,1.04213877057187,1.00149355855534,1.09988275552314,NA,NA,NA,NA,NA,NA
1932,NA,NA,0.993567868881348,0.860228149891521,0.947120887991813,0.928181907316114,1.04405792330765,NA,NA,NA,NA,NA,NA
1933,NA,NA,0.987538545633689,0.766645027244627,0.925016457440981,0.964543275805541,1.04791518278215,NA,NA,NA,NA,NA,NA
1934,NA,NA,1.02654430942536,0.945486691897855,1.05546780701109,1.02822817812039,1.14461499639615,NA,NA,NA,NA,NA,NA
1935,NA,NA,0.969218219429709,0.862689607444587,0.839553408589267,0.890067957036724,1.06327853440358,NA,NA,NA,NA,NA,NA
1936,NA,NA,0.982207370322132,0.91578054229414,0.853642894728247,0.877833025366272,1.14271360043692,NA,NA,NA,NA,NA,NA
1937,NA,NA,1.03785908045867,1.01175256833799,1.10744772180175,1.10090777249476,1.18750328704218,NA,NA,NA,NA,NA,NA
1938,NA,NA,1.02192713516096,1.01270798854033,1.04990883380119,1.05798255799642,1.25013128398773,NA,NA,NA,NA,NA,NA
1939,NA,NA,1.02072063834826,1.03305208746041,1.00943842193158,0.961588714332768,1.19185016888236,NA,NA,NA,NA,NA,NA
1940,NA,NA,0.993543901931212,0.958416886982764,0.988876792961047,0.967589136606537,1.06682324034893,NA,NA,NA,NA,NA,NA
1941,NA,NA,1.02363143927478,1.10565670890815,1.29299000033551,1.1001054373076,1.31540056535511,NA,NA,NA,NA,NA,NA
1942,NA,NA,0.990149695023754,0.982167961357239,1.15975984532524,0.969852689969019,1.16148020780144,NA,NA,NA,NA,NA,NA
1943,NA,NA,1.02826437394971,1.07361680905699,1.1610262675697,0.970990319964289,1.2347857118471,NA,NA,NA,NA,NA,NA
1944,NA,NA,1.02536638729381,1.00496896611119,1.14401415472312,1.04025345777914,1.16039878008981,NA,NA,NA,NA,NA,NA
1945,NA,NA,1.03282836106147,1.06969209067695,1.01605823685698,1.03383862743693,1.01882747252596,NA,NA,NA,NA,NA,NA
1946,NA,NA,0.994683502213851,0.948486333751616,1.06925903725172,1.02316999356425,1.06421604227891,NA,NA,NA,NA,NA,NA
1947,NA,NA,1.02712949860225,1.02128242124728,0.889875742265013,0.980408861149247,1.08951874709567,NA,NA,NA,NA,NA,NA
1948,NA,NA,1.04116101759037,1.04813064941164,0.890864384680729,1.00449184313708,0.870700863308512,NA,NA,NA,NA,NA,NA
1949,NA,NA,1.05686677941111,1.08553149144545,1.14102918785482,1.11354131266472,0.934442247939891,NA,NA,NA,NA,NA,NA
1950,NA,NA,1.06031193728666,1.15743813965046,1.19700311854983,1.13515581941466,0.988714526319655,NA,NA,NA,NA,NA,NA
1951,NA,NA,1.03128073109651,1.01155303877643,1.11493416521351,1.10705194913937,0.942573491405626,NA,NA,NA,NA,NA,NA
1952,NA,NA,1.01512340950652,0.998527286803237,0.881931014234112,1.04635384287952,0.902841253254635,NA,NA,NA,NA,NA,NA
1953,NA,NA,1.02894864218495,1.14512430948795,1.20104952600189,1.130681185716,1.06171761800202,NA,NA,NA,NA,NA,NA
1954,NA,NA,1.02955784526225,1.0540110238986,1.32762000108114,1.16234114721476,1.10090559693347,NA,NA,NA,NA,NA,NA
1955,NA,NA,1.03887461061513,1.03558260092602,0.84449355689863,0.974921402477608,0.89776733363859,NA,NA,NA,NA,NA,NA
1956,NA,NA,1.07225625525167,1.17908803070305,0.802385017536123,0.925264770654457,0.960615199692935,NA,NA,NA,NA,NA,NA
1957,NA,NA,1.08674519468079,1.19976931685023,0.973494399395925,1.06406789982523,0.917784937656229,NA,NA,NA,NA,NA,NA
1958,NA,NA,1.07354252514778,1.18626144122378,1.11399413135259,1.01662625100943,0.814660672217869,NA,NA,NA,NA,NA,NA
1959,NA,NA,1.01113123241477,1.00507856349532,0.914827780204236,1.00881347871753,0.500918725320002,NA,NA,NA,NA,NA,NA
1960,NA,NA,1.04697490354195,1.11416424722557,1.11656039629345,1.0641960207805,0.559514645712874,NA,NA,NA,NA,NA,NA
1961,NA,NA,1.00354851276515,1.07969819676011,0.966161363405321,1.03763088794809,0.860223661334703,NA,NA,NA,NA,NA,NA
1962,NA,NA,0.976226425295642,0.970617715711772,0.837168122479296,0.93204585350304,0.804174624588116,NA,NA,NA,NA,NA,NA
1963,NA,NA,0.973945514747872,0.91328052557247,0.944142773084871,0.979243562383945,0.821550651830806,NA,NA,NA,NA,NA,NA
1964,NA,NA,0.990899634679818,0.980167890031779,1.12175523038985,1.03291945828954,0.879738487071915,NA,NA,NA,NA,NA,NA
1965,NA,NA,0.972191651727034,0.847057709398566,0.908326860389265,0.947841732723526,0.822851747392347,NA,NA,NA,NA,NA,NA
1966,NA,NA,1.01111626564275,0.941872911348064,0.959730096592573,0.954975583565272,0.871692210137287,NA,NA,NA,NA,NA,NA
1967,NA,NA,0.979226066724964,0.87925054345738,0.883901400331141,0.937802678861163,0.782674504282164,NA,NA,NA,NA,NA,NA
1968,NA,NA,1.0145579390807,0.991485013196352,0.986018767162377,0.985304632940201,0.888896382610687,NA,NA,NA,NA,NA,NA
1969,NA,NA,1.03898734228414,1.05592174316385,1.15793590991449,1.03046143337192,0.858726068542979,NA,NA,NA,NA,NA,NA
1970,NA,NA,1.00445245573597,1.0634785301542,1.376255525201,1.12007505393954,1.00368519579796,NA,NA,NA,NA,NA,NA
1971,NA,NA,0.972777589111647,0.986646972627961,1.04680754237663,1.05473535166851,1.09418439592799,NA,NA,NA,NA,NA,NA
1972,NA,NA,0.995817185377125,1.02460947274687,1.15228729367068,1.08766963911445,1.04495000503958,NA,NA,NA,NA,NA,NA
1973,NA,NA,1.05374494413757,1.09812432667231,0.967726351123671,1.08903151173722,0.983083702020433,NA,NA,NA,NA,NA,NA
1974,NA,NA,1.01391706486278,1.05423225195844,0.918068307639758,1.00826614201293,0.914035933856381,NA,NA,NA,NA,NA,NA
1975,NA,NA,0.975211525235048,0.885904385433004,0.98225856837871,0.999250592082905,0.741211085644911,NA,NA,NA,NA,NA,NA
1976,NA,NA,0.972706823460472,0.729587524073124,1.03053299142148,0.978631994936088,0.819491811726623,NA,NA,NA,NA,NA,NA
1977,NA,NA,0.979478292407278,0.916266842927579,1.20744994366703,0.991046026899155,0.896670829619149,NA,NA,NA,NA,NA,NA
1978,NA,NA,0.964070053264756,0.943996120772916,1.08847814379608,0.992297880196351,0.96013962246351,NA,NA,NA,NA,NA,NA
1979,NA,NA,0.989430599632211,1.08551820770577,1.11104111523072,0.998983483167724,1.21368280549404,NA,NA,NA,NA,NA,NA
1980,NA,NA,0.992833477720733,1.09291030433138,1.20236581908128,1.05378088160938,1.31507788476792,NA,NA,NA,NA,NA,NA
1981,NA,NA,0.972564471962321,0.890937598009523,1.02521210519737,1.02719246358355,1.09747041766469,NA,NA,NA,NA,NA,NA
1982,NA,NA,0.988457238976776,0.891780242708413,0.871861844857219,0.94907776808284,1.05082615869521,NA,NA,NA,NA,NA,NA
1983,NA,NA,1.02413526253386,0.997887739733994,0.954260932296206,1.01980378259292,1.29071584838509,NA,NA,NA,NA,NA,NA
1984,NA,NA,1.03328348964546,1.06423793491565,1.02897872200473,1.05467210278663,1.29587726406404,NA,NA,NA,NA,NA,NA
1985,NA,NA,1.08759311902714,1.28368505701884,1.24736190577753,1.1546813250671,1.40418838228334,NA,NA,NA,NA,NA,NA
1986,NA,NA,1.06240116115837,1.05245871181887,0.890406417418833,1.0024395344833,1.0514498636912,NA,NA,NA,NA,NA,NA
1987,NA,NA,1.05619669438271,1.10017503503622,1.03277828417877,1.06321931604544,1.00920670273112,NA,NA,NA,NA,NA,NA
1988,NA,NA,1.06205913221623,1.17249736450049,1.04573932183153,1.01588440684959,1.21310551788816,NA,NA,NA,NA,NA,NA
1989,NA,NA,0.998496475856423,1.02652214177106,0.786556089009866,0.921659199599386,1.03616793317761,NA,NA,NA,NA,NA,NA
1990,NA,NA,1.00974640632484,1.14615665020118,1.12612826589555,1.07613806479132,1.06822406728566,NA,NA,NA,NA,NA,NA
1991,NA,NA,0.994102843149698,0.972919676561681,0.788503500711675,0.979460249689631,1.19145374698752,NA,NA,NA,NA,NA,NA
1992,NA,NA,0.979357858774562,0.95660413614685,0.755172027668356,0.900733627479763,1.02105289909152,NA,NA,NA,NA,NA,NA
1993,NA,NA,0.99243480206163,1.05948630517517,NA,NA,0.949881706496614,NA,NA,NA,NA,NA,NA
1994,NA,NA,NA,NA,NA,NA,1.01464752978723,NA,NA,NA,NA,NA,NA
