year,ff212a,ff212b,ff214a,ff214b,ff223a,ff223b,ff230a,ff230b,ff251a,ff258a,ff258b,ff259a,ff259b,ff263a,ff263b
877,,,,,,,,,,,,0.713154232472125,,,
878,,,,,,,,,,,,0.7849621681931666,,,
879,,,,,,,,,,,,0.7493711080274849,,,
880,,,,,,,,,,,,0.7735633547731442,,,
881,,,,,,,,,,,,0.7583964914137434,,,
882,,,,,,,,,,,,0.9989777034892398,,,
883,,,,,,,,,,,,0.5515953412571153,,,
884,,,,,,,,,,,,0.780398773183476,,,
885,,,,,,,,,,,,0.5326296982696428,,,
886,,,,,,,,,,,,0.5288025925946515,,,
887,,,,,,,,,,,,0.6763945649687675,,,
888,,,,,,,,,,,,0.7253497970661708,,,
889,,,,,,,,,,,,0.6260238040846315,,,
890,,,,,,,,,,,,0.6549888790395222,,,
891,,,,,,,,,,,,0.750102151923062,,,
892,,,,,,,,,,,,0.3407258910007745,,,
893,,,,,,,,,,,,0.41986493756462206,,,
894,,,,,,,,,,,,0.46860489938337363,,,
895,,,,,,,,,,,,0.5534170283298232,,,
896,,,,,,,,,,,,0.3094382768489492,,,
897,,,,,,,,,,,,0.34900696226228256,,,
898,,,,,,,,,,,,0.5287638335745037,,,
899,,,,,,,,,,,,0.6886047725462194,,,
900,,,,,,,,,,,,0.5740564311075868,,,
901,,,,,,,,,,,,0.5307719065497901,,,
902,,,,,,,,,,,,0.6443743035971401,,,
903,,,,,,,,,,,,0.6864131723694381,,,
904,,,,,,,,,,,,0.8974317667548389,,,
905,,,,,,,,,,,,0.8009834256924392,,,
906,,,,,,,,,,,,0.7641532478427144,,,
907,,,,,,,,,,,,0.3690857930487107,,,
908,,,,,,,,,,,,0.5700168354840535,,,
909,,,,,,,,,,,,0.5561942415363439,,,
910,,,,,,,,,,,,0.3676699470094724,,,
911,,,,,,,,,,,,0.44716378137922785,,,
912,,,,,,,,,,,,0.7651071263438146,,,
913,,,,,,,,,,,,0.41284975349823677,,,
914,,,,,,,,,,,,0.3515149799308425,,,
915,,,,,,,,,,,,0.5105900108468097,,,
916,,,,,,,,,,,,0.6523484180882323,,,
917,,,,,,,,,,,,0.6519122251783965,,,
918,,,,,,,,,,,,0.8756679069321793,,,
919,,,,,,,,,,,,0.8642296822784415,,,
920,,,,,,,,,,,,0.7349640937898663,,,
921,,,,,,,,,,,,0.6693719871374036,,,
922,,,,,,,,,,,,0.7698241659788959,,,
923,,,,,,,,,,,,0.7281290866765288,,,
924,,,,,,,,,,,,0.6107443975538577,,,
925,,,,,,,,,,,,0.5054668666293387,,,
926,,,,,,,,,,,,0.8284060922106118,,,
927,,,,,,,,,,,,0.7449859054531316,,,
928,,,,,,,,,,,,0.9309123341686587,,,
929,,,,,,,,,,,,0.8197587766217848,,,
930,,,,,,,,,,,,0.5335536465798194,,,
931,,,,,,,,,,,,0.5823903173658102,,,
932,,,,,,,,,,,,0.8357419232365492,,,
933,,,,,,,,,,,,0.7645275391611926,,,
934,,,,,,,,,,,,0.816251065583488,,,
935,,,,,,,,,,,,0.7545035665066407,,,
936,,,,,,,,,,,,0.6630947278182598,,,
937,,,,,,,,,,,,0.890608008193467,,,
938,,,,,,,,,,,,0.9304610893702132,,,
939,,,,,,,,,,,,1.0668731743082251,,,
940,,,,,,,,,,,,0.7849737156627444,,,
941,,,,,,,,,,,,0.6648281037657164,,,
942,,,,,,,,,,,,0.611439612626874,,,
943,,,,,,,,,,,,0.9388668724407495,,,
944,,,,,,,,,,,,0.530701303935836,,,
945,,,,,,,,,,,,0.4558513694694503,0.5783943189782285,,
946,,,,,,,,,,,,0.5536291336906674,0.594379547691032,,
947,,,,,,,,,,,,0.5770718719518462,0.68880387108707,,
948,,,,,,,,,,,,0.5569858401821961,0.5101975103236615,,
949,,,,,,,,,,,,0.5725713082833386,0.5737945547440415,,
950,,,,,,,,,,,,0.3614535458098879,0.86264662866012,,
951,,,,,,,,,,,,0.6063959408790447,0.8373474925665338,,
952,,,,,,,,,,,,0.3601853546939735,0.897224936833697,,
953,,,,,,,,,,,,0.6060212843262305,1.497437002591408,,
954,,,,,,,,,,,,0.5351875516800721,1.5420490614073608,,
955,,,,,,,,,,,,0.38495388778468376,1.0946143477991972,,
956,,,,,,,,,,,,0.5058828915442019,1.137666187346941,,
957,,,,,,,,,,,,0.9575729111895002,0.9999968256258251,,
958,,,,,,,,,,,,0.7639816187643315,1.0496314590363567,,
959,,,,,,,,,,,,0.8502165990722007,0.7548421339257353,,
960,,,,,,,,,,,,0.8498249130714153,0.32404700123150587,,
961,,,,,,,,,,,,0.35432090542527633,0.5134348379361664,,
962,,,,,,,,,,,,0.47727851525624115,0.5628089770944642,,
963,,,,,,,,,,,,0.6114475023081708,0.6470722177394856,,
964,,,,,,,,,,,,0.7977476180866637,0.6934842014757082,,
965,,,,,,,,,,,,0.6041433123730149,0.4288853163011853,,
966,,,,,,,,,,,,0.7910926628797437,0.521333896802965,,
967,,,,,,,,,,,,0.5261885950643677,0.30618542517935343,,
968,,,,,,,,,,,,0.378637971899589,0.4534668963453803,,
969,,,,,,,,,,,,0.8525339644940942,0.5395970926444422,,
970,,,,,,,,,,,,0.5290924828578244,0.6355299504105127,,
971,,,,,,,,,,,,0.4025982331092309,0.9968132466394413,,
972,,,,,,,,,,,,0.5690033882833226,0.877207952292758,,
973,,,,,,,,,,,,0.5682436135513497,0.6516689798287618,,
974,,,,,,,,,,,,0.35553618489038147,0.5800964024320938,,
975,,,,,,,,,,,,0.3623122106534429,0.6883641607379068,,
976,,,,,,,,,,,,0.45930019728721977,0.530128524197359,,
977,,,,,,,,,,,,0.7540210221000172,0.7929001629343693,,
978,,,,,,,,,,,,0.6506400086359458,0.6714539812407032,,
979,,,,,,,,,,,,0.4507916563713275,0.47083715804048104,,
980,,,,,,,,,,,,0.6633770355937936,0.5691973431277514,,
981,,,,,,,,,,,,0.6204073580904473,0.5397776712404132,,
982,,,,,,,,,,,,0.8342109766854043,0.7795045929000743,,
983,,,,,,,,,,,,0.7528573899960626,0.7450033667500944,,
984,,,,,,,,,,,,0.36805036199488383,0.3878828431875975,,
985,,,,,,,,,,,,0.38272225107437313,0.2591282903428773,,
986,,,,,,,,,,,,0.5286012470790555,0.5924440682838026,,
987,,,,,,,,,,,,0.6893577145092816,0.596304741031548,,
988,,,,,,,,,,,,0.4616872808969887,0.46657832920367914,,
989,,,,,,,,,,,,0.7393066177867859,0.654221592366804,,
990,,,,,,,,,,,,1.099490005348134,1.061257600242335,,
991,,,,,,,,,,,,0.7423388860673883,1.0668256674846315,,
992,,,,,,,,,,,,0.6721901159981706,0.9972740725823126,,
993,,,,,,,,,,,,0.428745877874599,0.448997816133963,,
994,,,,,,,,,,,,0.7021878690974537,0.9990412341277478,,
995,,,,,,,,,,,,0.43388555806591256,0.7381006383047662,,
996,,,,,,,,,,,,0.66538885602261,0.7955571283103077,,
997,,,,,,,,,,,,0.6854967095903873,0.9931426126247004,,
998,,,,,,,,,,,,0.7775662443303226,1.1327539460110825,,
999,,,,,,,,,,,,0.8033049216082273,1.0604298272617174,,
1000,,,,,,,,,,,,0.9974123770001418,1.2044934702864065,,
1001,,,,,,,,,,,,0.784737232692943,0.9449216776149572,,
1002,,,,,,,,,,,,0.7544748045491847,0.8133718731122941,,
1003,,,,,,,,,,,,0.6467403835162046,0.8066381699504778,,
1004,,,,,,,,,,,,0.6129760255685994,0.8700385769395628,,
1005,,,,,,,,,,,,0.4931603715487299,0.9008786112533588,,
1006,,,,,,,,,,,,0.5070238014917616,0.7310765702194533,,
1007,,,,,,,,,,,,0.42885510310218367,0.7745588275228005,,
1008,,,,,,,,,,,,0.4947503287583477,0.8043007200256529,,
1009,,,,,,,,,,,,0.36790305756126634,0.7659652649649753,,
1010,,,,,,,,,,,,0.4611773790412713,0.7717198994319768,,
1011,,,,,,,,,,,,0.44699585269523445,0.4434774010423129,,
1012,,,,,,,,,,,,0.42189850966536496,0.4491689807054702,,
1013,,,,,,,,,,,,0.5268205454322158,0.528373178248681,,
1014,,,,,,,,,,,,0.6581361832695689,1.2093984016718589,,
1015,,,,,,,,,,,,0.6127529587262641,0.712068119632098,,
1016,,,,,,,,,,,,0.6060245925560823,0.782750767402713,,
1017,,,,,,,,,,,,0.3988840439063733,0.4711784724414974,,
1018,,,,,,,,,,,,0.6233943523493838,1.115726440991679,,
1019,,,,,,,,,,,,0.6971631900667902,1.1602575799492612,,
1020,,,,,,,,,,,,0.671131440920069,1.3623747307253224,,
1021,,,,,,,,,,,,0.44545035521455034,0.7320858622687796,,
1022,,,,,,,,,,,,0.3297513647041727,0.5229196421859731,,
1023,,,,,,,,,,,,0.5543915015778925,0.8039197656547613,,
1024,,,,,,,,,,,,0.7150163524519411,0.8358741931053428,,
1025,,,,,,,,,,,,0.808446233494868,1.0809795343281143,,
1026,,,,,,,,,,,,0.8467775654190942,1.2759119247805946,,
1027,,,,,,,,,,,,0.7973203895949202,1.3919752423115772,,
1028,,,,,,,,,,,,0.5923256251051048,1.252786172590518,,
1029,,,,,,,,,,,,0.35552867214691564,0.8105482659507428,,
1030,,,,,,,,,,,,0.45281505474248174,0.5210942478043551,,
1031,,,,,,,,,,,,0.46735460554472397,0.6945416500577427,,
1032,,,,,,,,,,,,0.6102301668901953,0.871409971819617,,
1033,,,,,,,,,,,,0.9292357758777061,1.3777605928922263,,
1034,,,,,,,,,,,,0.6939247117148695,1.2228842756866158,,
1035,,,,,,,,,,,,0.5038582940457955,0.840637635358089,,
1036,,,,,,,,,,,,0.6077704285011734,0.972735208143714,,
1037,,,,,,,,,,,,0.42055375803635897,1.065270558986103,,
1038,,,,,,,,,,,,0.26509921286336124,0.5800893486754459,,
1039,,,,,,,,,,,,0.2873829820199951,0.2935277954541404,,
1040,,,,,,,,,,,,0.41360459740501776,0.38472388185065565,,
1041,,,,,,,,,,,,0.42445365503062166,0.33541027046297434,,
1042,,,,,,,,,,,,0.1937379870578831,0.3522593536932351,,
1043,,,,,,,,,,,,0.4969334010447865,0.8810774213617816,,
1044,,,,,,,,,,,,0.5474164958593168,0.9119917586422494,,
1045,,,,,,,,,,,,0.4871046154796292,0.9898601964132384,,
1046,,,,,,,,,,,,0.5235115777050523,0.8308172417966693,,
1047,,,,,,,,,,,,0.41562806080324183,0.5392803889182918,,
1048,,,,,,,,,,,,0.5063459606754706,0.7619645547374556,,
1049,,,,,,,,,,,,0.3818276057821254,0.6640035508211274,,
1050,,,,,,,,,,,,0.41451085577738384,0.4263371993522992,,
1051,,,,,,,,,,,,0.46462517007631143,0.6941714019117369,,
1052,,,,,,,,,,,,0.39564941664366804,0.6755992946207456,,
1053,,,,,,,,,,,,0.37199216042299327,0.5007423284981886,,
1054,,,,,,,,,,,,0.48081067778490566,0.8055680346859728,,
1055,,,,,,,,,,,,0.4161742627568558,0.7400457817526113,,
1056,,,,,,,,,,,,0.41953797898283274,0.6933765024460269,,
1057,,,,,,,,,,,,0.38423567146206017,0.788368155351584,,
1058,,,,,,,,,,,,0.3838858288007264,0.8368999424375627,,
1059,,,,,,,,,,,,0.35852525776501926,0.31765988946133095,,
1060,,,,,,,,,,,,0.25525455201536956,0.4981713550037203,,
1061,,,,,,,,,,,,0.5209989464893324,0.8266220525422269,,
1062,,,,,,,,,,,,0.48827264532284076,0.75554037875927,,
1063,,,,,,,,,,,,0.3356528730784248,0.6568785341236923,,
1064,,,,,,,,,,,,0.3026018292524339,0.6688634714587595,,
1065,,,,,,,,,,,,0.28395981419375027,0.8180609587732611,,
1066,,,,,,,,,,,,0.3082739492931768,0.48750782509698887,,
1067,,,,,,,,,,,,0.3678184171954537,0.6408976222396074,,
1068,,,,,,,,,,,,0.28451629932030936,0.4647628353560871,,
1069,,,,,,,,,,,,0.5574533054418016,0.8437661395769254,,
1070,,,,,,,,,,,,0.5661210288062151,1.1940082916030674,,
1071,,,,,,,,,,,,0.27307821903604057,1.1413065591462435,,
1072,,,,,,,,,,,,0.3391490040142886,0.9634947106120522,,
1073,,,,,,,,,,,,0.2270490382231521,0.7224971876885239,,
1074,,,,,,,,,,,,0.17939508786474603,0.28800331581334765,,
1075,,,,,,,,,,,,0.18743257932758525,0.3754635039207873,,
1076,,,,,,,,,,,,0.20753566515321778,0.4326910540708895,,
1077,,,,,,,,,,,,0.2543215983406007,0.30226777029681506,,
1078,,,,,,,,,,,,,0.3419967080530776,,
1079,,,,,,,,,,,,,0.7942772459430704,,
1080,,,,,,,,,,,,,0.5402358965227234,,
1081,,,,,,,,,,,,,0.24275064348347195,,
1082,,,,,,,,,,,,,0.3962600056335101,,
1083,,,,,,,,,,,,,0.36074751654588505,,
1084,,,,,,,,,,,,,0.8439196331869799,,
1085,,,,,,,,,,,,,0.5765529193581203,,
1086,,,,,,,,,,,,,0.7630905657610104,,
1087,,,,,,,,,,,,,0.6130832073451672,,
1088,,,,,,,,,,,,,0.4198963727222421,,
1089,,,,,,,,,,,,,0.4084762150584019,,
1090,,,,,,,,,,,,,0.4108666736688355,,
1091,,,,,,,,,,,,,0.3760681204971055,,
1092,,,,,,,,,,,,,0.6088258050580884,,
1093,,,,,,,,,,,,,0.6023368640763962,,
1094,,,,,,,,,,,,,0.6453336393299202,,
1095,,,,,,,,,,,,,0.5930630313616149,,
1096,,,,,,,,,,,,,0.7363561722431241,,
1097,,,,,,,,,,,,,0.9871785972810297,,
1098,,,,,,,,,,,,,0.7146840020634351,,
1099,,,,,,,,,,,,,0.8742280268424836,,
1100,,,,,,,,,,,,,0.9998952132176694,,
1101,,,,,,,,,,,,,1.081961655873448,,
1102,,,,,,,,,,,,,0.8249583673844325,,
1103,,,,,,,,,,,,,0.7594922814660888,,
1104,,,,,,,,,,,,,1.009862449796157,,
1105,,,,,,,,,,,,,0.8911293287025931,,
1106,,,,,,,,,,,,,0.5876674858579407,,
1107,,,,,,,,,,,,,0.7916937633712124,,
1108,,,,,,,,,,,,,0.9459118595361392,,
1109,,,,,,,,,,,,,1.1281531357392838,,
1110,,,,,,,,,,,,,0.4247332793192053,,
1111,,,,,,,,,,,,,0.8263611612879596,,
1112,,,,,,,,,,,,,1.1860690743618534,,
1113,,,,,,,,,,,,,1.2865511218011578,,
1114,,,,,,,,,,,,,1.2556825742818691,,
1115,,,,,,,,,,,,,0.7268831556648624,,
1116,,,,,,,,,,,,,0.7986118276830032,,
1117,,,,,,,,,,,,,1.1194067857319872,,
1118,,,,,,,,,,,,,0.9970666530861395,,
1119,,,,,,,,,,,,,0.6519740289780499,,
1120,,,,,,,,,,,,,0.6405752459945102,,
1121,,,,,,,,,,,,,0.5645972384085024,,
1122,,,,,,,,,,,,,0.8991538265662605,,
1123,,,,,,,,,,,,,0.7031254667581582,,
1124,,,,,,,,,,,,,0.48818964827093264,,
1125,,,,,,,,,,,,,0.5562814945047736,,
1126,,,,,,,,,,,,,0.8195962444895509,,
1127,,,,,,,,,,,,,0.8808927032183538,,
1128,,,,,,,,,,,,,0.6323351402198928,,
1129,,,,,,,,,,,,,0.8417632232458244,,
1130,,,,,,,,,,,,,0.7392722380992408,,
1131,,,,,,,,,,,,,1.0188051912262774,,
1132,,,,,,,,,,,,,1.226229634879144,,
1133,,,,,,,,,,,,,1.1318677908422212,,
1134,,,,,,,,,,,,,1.054098020163766,,
1135,,,,,,,,,,,,,1.8291510476746888,,
1136,,,,,,,,,,,,,1.3071832772968062,,
1137,,,,,,,,,,,,,1.23236998595884,,
1138,,,,,,,,,,,,,1.576766668259564,,
1139,,,,,,,,,,,,,0.8371741021542849,,
1140,,,,,,,,,,,,,1.1371466605184968,,
1141,,,,,,,,,,,,,1.2308447861570877,,
1142,,,,,,,,,,,,,1.1421487260722163,,
1143,,,,,,,,,,,,,1.1226015123556434,,
1144,,,,,,,,,,,,,0.43901775320872993,,
1145,,,,,,,,,,,,,0.7291877077421911,,
1146,,,,,,,,,,,,,0.5867426740789597,,
1147,,,,,,,,,,,,,0.9295212086208183,,
1148,,,,,,,,,,,,,0.6287151319243411,,
1149,,,,,,,,,,,,,1.270032171742987,,
1150,,,,,,,,,,,,,0.542910122041607,,
1151,,,,,,,,,,,,,0.5399050209510867,,
1152,,,,,,,,,,,,,0.654958894067131,,
1153,,,,,,,,,,,,,0.6583778668232234,,
1154,,,,,,,,,,,,,0.7369915375453004,,
1155,,,,,,,,,,,,,0.5299792530188788,,
1156,,,,,,,,,,,,,0.6543360783456983,,
1157,,,,,,,,,,,,,0.7951929430929293,,
1158,,,,,,,,,,,,,0.7540527468466559,,
1159,,,,,,,,,,,,,1.098440693017238,,
1160,,,,,,,,,,,,,0.6701469494312952,,
1161,,,,,,,,,,,,,0.8613437186223568,,
1162,,,,,,,,,,,,,1.3523495119904605,,
1163,,,,,,,,,,,,,0.728763099531302,,
1164,,,,,,,,,,,,,0.41614741482007256,,
1165,,,,,,,,,,,,,0.716816837385971,,
1166,,,,,,,,,,,,,0.8410765705140318,,
1167,,,,,,,,,,,,,0.7767735452733073,,
1168,,,,,,,,,,,,,0.9583313456409558,,
1169,,,,,,,,,,,,,0.5962882150192818,,
1170,,,,,,,,,,,,,0.8661983975676604,,
1171,,,,,,,,,,,,,0.8912307857415691,,
1172,,,,,,,,,,,,,1.0566094054924515,,
1173,,,,,,,,,,,,,0.688594405994969,,
1174,,,,,,,,,,,,,0.6635943657025686,,
1175,,,,,,,,,,,,,0.4852830001504674,,
1176,,,,,,,,,,,,,0.38209185227156933,,
1177,,,,,,,,,,,,,0.47918241241834053,,
1178,,,,,,,,,,,,,0.4745306899838097,,
1179,,,,,,,,,,,,,0.691855234980622,,
1180,,,,,,,,,,,,,0.885147810951531,,
1181,,,,,,,,,,,,,0.6093574758863997,,
1182,,,,,,,,,,,,,0.5388966233037384,,
1183,,,,,,,,,,,,,0.8491891470102112,,
1184,,,,,,,,,,,,,0.7179417205225017,,
1185,,,,,,,,,,,,,0.7201689947430552,,
1186,,,,,,,,,,,,,0.5060539687870338,,
1187,,,,,,,,,,,,,0.5531309319636136,,
1188,,,,,,,,,,,,,0.3929617236688613,,
1189,,,,,,,,,,,,,0.1967963468905405,,
1190,,,,,,,,,,,,,0.3573071016317268,,
1191,,,,,,,,,,,,,0.6167702701904464,,
1192,,,,,,,,,,,,,0.5874387119834109,,
1193,,,,,,,,,,,,,0.8258993304318593,,
1194,,,,,,,,,,,,,0.6863692738588443,,
1195,,,,,,,,,,,,,0.11744852372942921,,
1196,,,,,,,,,,,,,0.7154960999508364,,
1197,,,,,,,,,,,,,0.4037559202223745,,
1198,,,,,,,,,,,,,0.38131392628515903,,
1199,,,,,,,,,,,,,0.7535629716958586,,
1200,,,,,,,,,,,,,0.6923685861196192,,
1201,,,,,,,,,,,,,1.2920030484638645,,
1202,,,,,,,,,,,,,0.46820810430004317,,
1203,,,,,,,,,,,,,0.7628372614460733,,
1204,,,,,,,,,,,,,1.016440696844439,,
1205,,,,,,,,,,,,,1.0417832195441827,,
1206,,,,,,,,,,,,,0.7504950113085771,,
1207,,,,,,,,,,,,,0.5559788227330714,,
1208,,,,,,,,,,,,,0.5185908102755173,,
1209,,,,,,,,,,,,,1.0420819618362063,,
1210,,,,,,,,,,,,,0.9382856986329082,,
1211,,,,,,,,,,,,,0.785909212799845,,
1212,,,,,,,,,,,,,0.605544856679354,,
1213,,,,,,,,,,,,,0.9554001738877147,,
1214,,,,,,,,,,,,,0.765480589612471,,
1215,,,,,,,,,,,,,0.5714819714220901,,
1216,,,,,,,,,,,,,0.8424145347597948,,
1217,,,,,,,,,,,,,1.1432536219803482,,
1218,,,,,,,,,,,,,0.8756549467841619,,
1219,,,,,,,,,,,,,1.1056118961636612,,
1220,,,,,,,,,,,,,1.0115304932454976,,
1221,,,,,,,,,,,,,1.2834408909275499,,
1222,,,,,,,,,,,,,0.587357341216835,,
1223,,,,,,,,,,,,,0.6937206364281338,,
1224,,,,,,,,,,,,,0.6623530931710694,,
1225,,,,,,,,,,,,,0.634444994129225,,
1226,,,,,,,,,,,,,0.5540717645739903,,
1227,,,,,,,,,,,,,0.6959025410492864,,
1228,,,,,,,,,,,,,0.5584278915089991,,
1229,,,,,,,,,,,,,0.45731803021074086,,
1230,,,,,,,,,,,,,0.508412783709524,,
1231,,,,,,,,,,,,,0.5839210597762131,,
1232,,,,,,,,,,,,,0.635978397348436,,
1233,,,,,,,,,,,,,1.1382239271226928,,
1234,,,,,,,,,,,,,0.9398774861014048,,
1235,,,,,,,,,,,,,0.8178312838615368,,
1236,,,,,,,,,,,,,0.7347193180121713,,
1237,,,,,,,,,,,,,1.0742807692118579,,
1238,,,,,,,,,,,,,0.6194426639425947,,
1239,,,,,,,,,,,,,0.9073803004168524,,
1240,,,,,,,,,,,,,0.7506893519100173,,
1241,,,,,,,,,,0.8097520465695199,,,0.6331780263928802,,
1242,,,,,,,,,,0.7563747751178463,,,0.638036675668204,,
1243,,,,,,,,,,0.6638644205821934,,,0.631423845943817,,
1244,,,,,,,,,,0.9306380512385307,0.8896539421809453,,0.777033120378193,,
1245,,,,,,,,,,1.293389365201733,1.188759095382064,,0.9611579432412652,,
1246,,,,,,,,,,0.9225852908694745,1.5711853818072303,,0.9214306706730497,,
1247,,,,,,,,,,1.2039066046970586,1.849465974923273,,1.0608733688124226,,
1248,,,,,,,,,,1.2850878001524306,1.768416004784915,,0.9423603870122941,,
1249,,,,,,,,,,1.1832322025156756,1.4232494105005524,,0.6725383409557362,,
1250,,,,,,,,,,1.3085821331095016,1.9745005209331132,,0.933990510550472,,
1251,,,,,,,,,,1.686897671528325,2.2769419295428066,,1.1696584608955785,,
1252,,,,,,,,,,1.3677691020362093,1.9471353224024004,,0.7240242105708218,,
1253,,,,,,,,,,1.4501712465406165,2.877479891271116,,1.3237536905359344,,
1254,,,,,,,,,,1.292307194795604,2.3995067986974927,,0.9204830591791514,,
1255,,,,,,,,,,0.9349614500273237,1.2626459430411119,,0.5343024384830916,,
1256,,,,,,,,,,0.5027493916165274,0.7022252034582289,,0.34274641899404806,,
1257,,,,,,,,,,1.151629543034392,1.2039543783784024,,0.5741579543359756,,
1258,,,,,,,,,,1.0893856166077398,0.8342368324705143,,0.5076972603531247,,
1259,,,,,,,,,,0.9158747743568283,0.7946299625787295,,0.4995319178707428,,
1260,,,,,,,,,,0.777876458798149,0.70777232332322,,0.6128184587951775,,
1261,,,,,,,,,,0.7840367673356913,0.826097296851102,,0.5158314748228725,,
1262,,,,,,,,,,0.5535302894796327,0.5522007271686588,,0.4355517598975173,,
1263,,,,,,,,,,0.4699008974181098,0.45131511524609585,,0.1990601648563285,,
1264,,,,,,,,,,0.87301798603889,1.0912612059468556,,0.5158355550483936,,
1265,,,,,,,,,,1.1737497505887282,1.5813382095424853,,0.948580869402578,,
1266,,,,,,,,,,1.173772015768124,1.6221578852359217,,0.7386512545346704,,
1267,,,,,,,,,,0.7154343175247635,0.9634601371105449,,0.5605635360643725,,
1268,,,,,,,,,,0.9353514188712406,1.156099378399424,,0.9323032854476803,,
1269,,,,,,,,,,0.9338479749779149,1.284958170114297,,0.6818784823560626,,
1270,,,,,,,,,,1.0573748429451513,1.3501141441825344,,0.7002008081047125,,
1271,,,,,,,,,,1.2260289319265132,1.8037114523368385,,0.6881291225949608,,
1272,,,,,,,,,,1.195362618881909,1.7158507507724292,,0.767434713651408,,
1273,,,,,,,,,,1.302529305179298,1.6641277540229211,,0.8667739323160856,,
1274,,,,,,,,,,1.0560732520484848,1.5516928669694934,,0.6840014689107177,,
1275,,,,,,,,,,1.095551264379108,1.5916722923110027,,0.9142458947502807,,
1276,,,,,,,,,,0.9927860635949153,1.5858003258687385,,0.6175988340316999,,
1277,,,,,,,,,,0.8858232575059256,1.550211230476109,,0.9088568995901234,,
1278,,,,,,,,,,1.0612532409362458,1.6755489925798124,,0.7286529157301141,,
1279,,,,,,,,,,0.7517393827243267,1.217817571343096,,0.5483139000170045,,
1280,,,,,,,,,,0.8422211385297136,1.3213864278632885,,0.6170210797961392,,
1281,,,,,,,,,,0.7992062007417162,0.9794119669828817,,0.41218289306293493,,
1282,,,,,,,,,,0.7101119432778142,0.9511254555616031,,0.5721023309125415,,
1283,,,,,,,,,,0.6869870288381889,0.8503585408343485,,0.7276954988043491,,
1284,,,,,,,,,,0.9620597407474091,1.316098948320403,,0.7419685428675886,,
1285,,,,,,,,,,1.2891608641164813,1.7745957426422447,,0.5387612624681358,,
1286,,,,,,,,,,0.9141661970999388,1.0785696352759566,,0.7808242129650137,,
1287,,,,,,,,,,0.46210829041429413,0.7363404310441544,,0.5454756830071691,,
1288,,,,,,,,,,0.5515957284213895,0.9641160308563428,,0.7922535211267605,,
1289,,,,,,,,,,0.7671527103883969,1.0942500644985735,,0.6661334394534291,,
1290,,,,,,,,,,0.7430885212520439,1.1175615925449545,,0.5990926108315338,,
1291,,,,,,,,,,0.7201989437190163,1.5282365443295853,,0.829595156443203,,
1292,,,,,,,,,,0.8052253573001898,1.738144920125955,,1.0525101944652653,,
1293,,,,,,,,,,0.6089240320422394,1.5797511525876784,,0.4629377116273885,,
1294,,,,,,,,,,0.9330205128673281,1.9581699769951073,,1.1127627481025546,,
1295,,,,,,,,,,0.9560790197918144,1.8590623171973513,,1.0553192335215074,,
1296,,,,,,,,,,1.042185839538593,1.632582199803453,,,,
1297,,,,,,,,,,0.8776318005726799,1.8031878474726355,,,,
1298,,,,,,,,,,0.8090530844055033,1.3072053854675694,,,,
1299,,,,,,,,,,0.9963501991488845,1.3027322994232413,,,,
1300,,,,,,,,,,0.6951564509215602,1.108135421930268,,,,
1301,,,,,,,,,,0.6822614889785209,0.8364054128818458,,,,
1302,,,,,,,,,,0.6852919769329825,0.8225681876694279,,,,
1303,,,,,,,,,,0.5490167934548585,0.7024432061723104,,,,
1304,,,,,,,,,,0.9158026682732018,1.2588824893410127,,,,
1305,,,,,,,,,,0.719858617947666,1.225845562186154,,,,
1306,,,,,,,,,,0.660414144706211,1.2300943831731832,,,,
1307,,,,,,,,,,0.8320763277081524,1.4197914743521227,,,,
1308,,,,,,,,,,0.7352733149502086,1.3921232776839163,,,,
1309,,,,,,,,,,0.5550138426981943,1.1575798491479652,,,,
1310,,,,,,,,,,0.4825751272276941,1.4253571317781362,,,,
1311,,,,,,,,,,0.695749891890529,2.0472025160206413,,,,
1312,,,,,,,,,,0.6743241905139121,1.235830823074646,,,,
1313,,,,,,,,,,0.5397677437462723,1.0243619265078658,,,,
1314,,,,,,,,,,0.5108145151528168,1.1897471498852972,,,,
1315,,,,,,,,,,0.7399831654786361,1.4719279136548171,,,,
1316,,,,,,,,,,0.9388932049135795,1.413535417324492,,,,
1317,,,,,,,,,,0.7290481615954651,0.9827951782764722,,,,
1318,,,,,,,,,,0.8066150492370142,1.4334359493551674,,,,
1319,,,,,,,,,,0.7529017805266706,1.1604298038257725,,,,
1320,,,,,,,,,,0.6786613560408369,1.2788719834653783,,,,
1321,,,,,,,,,,0.5920393692346175,1.2313914154701948,,,,
1322,,,,,,,,,,0.5432410280967684,1.0883836827325999,,,,
1323,,,,,,,,,,0.7092967207729409,1.3479833356223963,,,,
1324,,,,,,,,,,0.5158531298902134,1.1419017913205947,,,,
1325,,,,,,,,,,0.5706761485610645,1.197635119579331,,,,
1326,,,,,,,,,,0.5476966568514242,1.3904094658860298,,,,
1327,,,,,,,,,,0.8795437148586766,1.9505206491897427,,,,
1328,,,,,,,,,,0.6128080916932918,1.3185127498347673,,,,
1329,,,,,,,,,,0.9729061134318682,1.8778171092048832,,,,
1330,,,,,,,,,,1.2685848478450075,1.9080297700231894,,,,
1331,,,,,,,,,,1.161407259376307,1.5484767125139955,,,,
1332,,,,,,,,,,0.9014435397944189,1.5236965099070063,,,,
1333,,,,,,,,,,0.8826981084892298,1.3442271741761382,,,,
1334,,,,,,,,,,1.2924518180653481,2.2975321838546265,,,,
1335,,,,,,,,,,1.1997748142059947,1.934380601210871,,,,
1336,,,,,,,,,,1.1477056979578382,1.8098486397081328,,,,
1337,,,,,,,,,,1.1316026115134328,1.9299126407856184,,,,
1338,,,,,,,,,,1.0895463730511692,1.847781532039179,,,,
1339,,,,,,,,,,1.408077000494062,2.0998164811932845,,,,
1340,,,,,,,,,,1.090424928811385,1.709615456243316,,,,
1341,,,,,,,,,,0.8719406092566279,1.4778508699130142,,,,
1342,,,,,,,,,,1.0293458598163554,1.4788925689399623,,,,
1343,,,,,,,,,,0.9683672618347035,1.4125959305056577,,,,
1344,,,,,,,,,,0.6617060606930536,1.09117139101258,,,,
1345,,,,,,,,,,0.7478423829955122,1.2545674012672596,,,,
1346,,,,,,,,,,0.837567962507076,1.5427092240263207,,,,
1347,,,,,,,,,,1.0664082406180306,1.9249630856525193,,,,
1348,,,,,,,,,,0.8537423922073104,1.3967549440252502,,,,
1349,,,,,,,,,,1.1026447233596477,1.6868853753900026,,,,
1350,,,,,,,,,,1.057202494158111,1.7706400976299377,,,,
1351,,,,,,,,,,1.4327827007447815,1.858738357837176,,,,
1352,,,,,,,,,,1.3580032474735602,1.9776792974019368,,,,
1353,,,,,,,,,,1.1910111188144101,1.653356616263244,,,,
1354,,,,,,,,,,1.219773195455557,2.1947933116361686,,,,
1355,,,,,,,,,,1.0549026275694466,1.8991751518216786,,,,
1356,,,,,,,,,,1.3341438342907854,2.2297622934622052,,,,
1357,,,,,,,,,,1.2845226501122986,1.868624770260388,,,,
1358,,,,,,,,,,1.1117974594043019,1.4184278486642317,,,0.9170829511221809,
1359,,,,,,,,,,1.0492770268765295,1.0816460242204065,,,0.9874562024766843,
1360,,,,,,,,,,0.6758127023310582,1.0427099749910247,,,0.8538792815717299,
1361,,,,,,,,,,0.8250380245197282,1.3837231538096884,,,0.8148988012114037,
1362,,,,,,,,,,0.9889943691931743,1.3846308048238885,,,1.1863907904441349,
1363,,,,,,,,,,0.798065976467304,1.1987423254715428,,,1.0647927051308839,
1364,,,,,,,,,,1.1244823656930047,1.8471781563771503,,,1.3069647576283243,
1365,,,,,,,,,,1.1875227149601173,2.154470065751209,,,1.1962999157782626,
1366,,,,,,,,,,0.8669538465117925,1.7393297867865094,,,1.3374144835937303,
1367,,,,,,,,,,0.8542506669973396,1.2706998869286275,,,0.9630510792286697,
1368,,,,,,,,,,0.6803170537296569,1.4739865277794437,,,1.3469480715181157,
1369,,,,,,,,,,0.7673299487384084,1.4674188859121757,,,1.650433596223026,
1370,,,,,,,,,,0.6656843108021089,1.3505460949897212,,,1.2250840360832207,
1371,,,,,,,,,,1.0471642678157738,2.1376459708561297,,,1.3229361711535672,
1372,,,,,,,,,,1.3273789308150794,2.284746476580654,,,2.2088316132457937,
1373,,,,,,,,,,0.9292574881124944,1.3848303149587915,,,1.6905246130423046,
1374,,,,,,,,,,0.9672634167157751,1.4897978481260596,,,1.7454385261615006,
1375,,,,,,,,,,0.6378286974997384,1.1153430756329303,,,1.1340721662912057,0.9325863040020097
1376,,,,,,,,,,0.541950931114859,1.0363466410176516,,,1.1189970682712909,1.1065703402905185
1377,,,,,,,,,,0.44418202850167215,1.0138993314502855,,,1.0995454975778867,1.0688335930661432
1378,,,,,,,,,,0.758062619472802,1.2292385949118947,,,1.3431852456080102,1.488076071777346
1379,,,,,,,,,,1.1029553257072755,1.7733457682682414,,,1.321290422538631,1.6202641320436253
1380,,,,,,,,,,1.0505583911072487,1.663100153227191,,,1.493435033017663,1.722942721547324
1381,,,,,,,,,,1.147880283555895,1.5281853260735803,,,1.4320007253012008,1.3479537957259866
1382,,,,,,,,,,0.7438823364169118,0.9044578883734152,,,0.961945284317078,0.7955861744580047
1383,,,,,,,,,,0.7181831857471958,1.0679229926131537,,,0.8566387800761981,0.9706475422413885
1384,,,,,,,,,,0.7115398784623769,1.064271400990367,,,0.9324620117298064,0.8848396582488869
1385,,,,,,,,,,0.5827828757945304,0.8783399418256024,,,0.9214475464285601,0.9112051134294278
1386,,,,,,,,,,0.8975585274568123,1.3452797235459668,,,1.4450601455620309,1.2533016622415478
1387,,,,,,,,,,1.3400737251516575,1.6901268224217445,,,1.567656579876665,1.4607222095308068
1388,,,,,,,,,,0.9008498103911832,1.260642111990585,,,1.5516928669694934,1.1851057775427325
1389,,,,,,,,,,0.7338204273261109,0.9116655377115362,,,1.2674189231417443,0.9977662115627458
1390,,,,,,,,,,0.7558603952372546,1.099955113003271,,,1.7203217238217148,1.1579914896949401
1391,,,,,,,,,,0.7417767220051616,1.5326835673846062,,,2.2255765941318066,1.375957381104633
1392,,,,,,,,,,0.950601611110928,1.2402098263283907,,,1.8136436897704564,1.1787587159746717
1393,,,,,,,,,,1.0485388757226293,1.395845965732949,,,1.9524792584033335,1.2515738948382154
1394,,,,,,,,,,0.9583676058204333,1.2094185684866767,,,1.5685618466243687,1.1839377549003274
1395,,,,,,,,,,0.8888901321144749,1.2602672874576695,,,1.4033765992658827,1.0752855351390749
1396,,,,,,,,,,1.124882114869878,1.8967544894741537,,,1.5762277379703622,1.332435327695939
1397,,,,,,,,,,0.8298719503383079,1.0729352702733503,,,1.105330479712909,1.0585267556200506
1398,,,,,,,,,,0.6367128338873136,0.9640334216334306,,,0.7269230460671242,0.8353337564257006
1399,,,,,,,,,,0.9113907377593066,1.6009351667510845,,,0.9673393909391418,1.0073319556610032
1400,,,,,,,,,,0.45026894550544244,0.9237155633477395,,,1.0098709323921375,0.8793814025560971
1401,,,,,,,,,,0.792938363169875,1.3269464567100826,,,1.1740156779077824,1.167154750812004
1402,,,,,,,,,,0.8916973523585788,1.7468322473720044,,,1.2629920004218091,1.451058687654303
1403,,,,,,,,,,0.9122092074441136,1.7714284440461028,,,1.065381658274365,1.4906137053170512
1404,,,,,,,,,,1.1017091069891503,1.5451182123450367,,,1.0860230445344836,1.4559531150757365
1405,,,,,,,,,,0.817259449817732,1.0678122140510216,,,0.694652974695266,0.823738188638126
1406,,,,,,,,,,1.3598916399255256,1.8874572625571295,,,0.7120609538075425,0.7514443158525671
1407,,,,,,,,,,,1.144367877125094,,,0.6288730633558964,0.6066397657687099
1408,,,,,,,,,,,1.2621911320647434,,,0.7862975083433236,0.6936184815923381
1409,,,,,,,,,,,1.4679378250154989,,,0.7997006550202572,0.8417200590667818
1410,,,,,,,,,,,1.332600431266169,,,1.2109127106443622,1.089417240451487
1411,,,,,,,,,,,1.2419279004699468,,,1.467970896741859,1.3454359280670694
1412,,,,,,,,,,,0.9426032062907328,,,0.855958650462583,1.1994442444968443
1413,,,,,,,,,,,1.0414340638331823,,,1.0549995998607888,1.0508184919802415
1414,,,,,,,,,,,,,,1.045140643422604,1.0632872344722955
1415,,,,,,,,,,,,,,0.9371771493736345,1.1919901355772355
1416,,,,,,,,,,,,,,0.9094591934091563,1.0097545551811693
1417,,,,,,,,,,,,,,0.7723960565795114,0.8573598119900597
1418,,,,,,,,,,,,,,0.5868916034223836,0.6702762428383237
1419,,,,,,,,,,,,,,0.6454150731028304,0.8250078606899276
1420,,,,,,,,,,,,,,1.366606666951148,0.9265383711960283
1421,,,,,,,,,,,,,,1.522373266739868,1.1216753161984943
1422,,,,,,,,,,,,,,1.1645646649855839,1.0894359523933679
1423,,,,,,,,,,,,,,1.2644333736847004,1.1018351316170871
1424,,,,,,,,,,,,,,1.4120083136865615,1.2164634310866793
1425,,,,,,,,,,,,,,1.6291640587304017,1.356397628227975
1426,,,,,,,,,,,,,,1.3512737023558705,1.3121167914840144
1427,,,,,,,,,,,,,,1.2774918245322084,1.2247834175245955
1428,,,,,,,,,,,,,,1.4152353877687947,1.1006289882327165
1429,,,,,,,,,,,,,,1.6026339241509058,1.3269474301240374
1430,,,,,,,,,,,,,,1.1839104655650283,0.804419398004515
1431,,,,,,,,,,,,,,0.8857105482035683,0.8132053225534782
1432,,,,,,,,,,,,,,1.1482497395358147,1.1099286976452722
1433,,,,,,,,,,,,,,1.6517286558351256,1.5510044524541502
1434,,,,,,,,,,,,,,1.4793602279041314,1.4704672096013716
1435,,,,,,,,,,,,,,1.360204465158235,1.0461342831003986
1436,,,,,,,,,,,,,,0.836385756190819,0.6882458216611419
1437,,,,,,,,,,,,,,1.2390239435974915,1.1811280205136958
1438,,,,,,,,,,,,,,1.3106095799151558,1.2428750497993453
1439,,,,,,,,,,,,,,1.174152078018952,0.9578284090047458
1440,,,,,,,,,,,,,,1.4405143115035444,1.3653505913027284
1441,,,,0.33391836971938965,,,,,,,,,,1.619684751296627,1.3319154051371138
1442,,,,0.4288108961298026,,,,,,,,,,1.3969023306810675,1.6439881174995592
1443,,,,0.30877414910799694,,,,,,,,,,1.3692416421285607,1.7730842228064982
1444,,,,0.24801267862955767,,,,,,,,,,1.7747655708021775,1.9954333481685018
1445,,,,0.22340361762575386,,,,,,,,,,2.0844878822303787,2.2786179828227136
1446,,,,0.37608572366653736,,,,,,,,,,2.540540318784185,2.5190612931973457
1447,,,,0.33962345852348924,,,,,,,,,,3.2620753230300186,3.2594814580921305
1448,,,,0.5023525036959501,,,,,,,,,,2.5914393270437324,3.1231378689606437
1449,,,,0.4204971302128759,,,,,,,,,,1.8710102293448312,2.194432835557335
1450,,,,0.7587675169680429,,,,,,,,,,2.2337342421660904,2.75941165039609
1451,,,,0.7359733608468455,,,,,,,,,,1.066153225999652,1.4049365614079277
1452,,,,0.2686480729874706,,,,,,,,,,0.8276521445592157,0.9584304292264902
1453,,,,0.29308230528306717,,,,,,,,,,0.5657704144862583,0.5318238449716113
1454,,,,0.22382713492357773,,,,,,,,,,0.4591538653910619,0.5354575836652474
1455,,,,0.3673486052071867,,,,,,,,,,0.2916379765460272,0.46707063694234996
1456,,,,0.30975081000070415,,,,,,,,,,0.7295650423612509,0.8344307434454686
1457,,,,0.287907385758598,,,,,,,,,,0.5187779206769316,0.7092967207729409
1458,,,,0.37440082167228306,,,,,,,,,,0.7274475940083867,0.9360617584937913
1459,,,,0.20677119739795594,,,,,,,,,,0.4037304668971766,0.5111000671178765
1460,,,,0.08561533351551955,,,,,,,,,,0.4908620258265566,0.5257887905773674
1461,,,,0.2949354610667177,,,,,,,,,,0.880603772689998,0.926578138113151
1462,,,,0.2848142429089833,,,,,,,,,,0.7243675099866844,0.9043229383811492
1463,,,,0.26244465015373153,,,,,,,,,,1.1749450375850765,1.1470876918043478
1464,,,,0.3265966566476423,,,,,,,,,,1.2391127198376173,0.9770467151104404
1465,,,,0.4790815308525421,,,,,,,,,,1.2301957305034472,1.2340939722080215
1466,,,,0.49275682039781304,,,,,,,,,,1.1262487388444107,1.736348189129496
1467,,,,0.46686190032480157,,,,,,,,,,1.1416435879407079,1.7907976013954154
1468,,,,0.5561548977072241,,,,,,,,,,1.5882261069576586,1.7705474351055506
1469,,,,0.39226676455711873,,,,,,,,,,1.4307232221203385,1.501322494781833
1470,,,,0.4950494462768416,,,,,,,,,,1.713770260453121,1.6261858199233596
1471,,,,0.34482063710433186,,,,,,,,,,1.3807154920781652,1.530512884636873
1472,,,,0.12867197189256288,,,,,,,,,,0.9020181887912659,0.9470042159753017
1473,,,,0.4139119937014652,,,,,,,,,,1.1447704767380011,1.109992863547366
1474,,,,0.6127832450157874,,,,,,,,,,0.9055112940711532,0.9086874406761541
1475,,,,0.6312900443000863,,,,,,,,,,0.9534609791176211,0.9483392150200657
1476,,,,0.27798009780657623,,,,,,,,,,0.9472879913152196,1.0460289369608669
1477,,,,0.6279591719876093,,,,,,,,,,0.33008846643419293,0.4491220576440263
1478,,,,0.24149884117386125,,,,,,,,,,0.5302569967314955,0.636641437181953
1479,,,,0.2559686070208281,,,,,,,,,,1.7945180515218906,1.2123095132416037
1480,,,,0.31193375501100506,,,,,,,,,,1.6974182256591237,1.6986348257658535
1481,,,,0.3818732699789771,,,,,,,,,,1.6553912225604448,1.5610472830430606
1482,,,,0.6020216860158734,,,,,,,,,,1.8194792474827528,2.262081220297323
1483,,,,0.46715117960996844,,,,,,,,,,1.578167481075359,2.2794734953856937
1484,,,,0.35784768611491613,,,,,,,,,,1.8416537658950745,3.0077917605360955
1485,,,,0.6473350492892587,,,,,,,,,,1.8182077603485498,2.662813132516245
1486,,,,0.30243092234885194,,,,,,,,,,1.1535814285527983,1.7131473097020127
1487,,,,0.23311100703391693,,,,,,,,,,1.490029130914565,1.9370848452308234
1488,,,,0.28886559343763535,,,,,,,,,,1.4897978481260596,2.0719203028363142
1489,,,,0.564690504953757,,,,,,,,,,2.122082420562809,2.7026571344009493
1490,,,,0.3440224635426129,,,,,,,,,,2.4164149179728245,2.3287804780139667
1491,,,,0.45442763179211354,,,,,,,,,,2.3197049440165816,1.7870128189813288
1492,,,,0.4695996937942789,,,,,,,,,,1.676234447607129,1.2185024787279344
1493,,,,0.5409575683290966,,,,,,,,,,1.6138475511996275,1.268812747491553
1494,,,,0.586629663778859,,,,,,,,,,1.6114510801456012,1.2595480956041574
1495,,,,0.45124673500498613,,,,,,,,,,1.4472104553571672,1.330875291138589
1496,,,,0.8542506881463876,,,,,,,,,,1.4895938123401857,1.7892760318971919
1497,,,,0.5010948290382348,,,,,,,,,,1.529821392670225,1.6502677193908146
1498,,,,0.35989905889924517,,,,,,,,,,1.2436821281622292,1.422139462494094
1499,,,,0.2606730172191849,,,,,,,,,,1.1786868006605997,1.2760660752860908
1500,,,,0.24774967852550367,,,,,,,,,,1.301488065878455,1.2545739295829332
1501,,,,0.4108241223956685,,,,,,,,,,1.2052255719140508,1.4145284323964045
1502,,,,0.428307485583114,,,,,,,,,,1.2870522121021197,1.5522970337638617
1503,,,,0.5935316685998472,,,,,,,,,,1.2484704075430708,1.5105191799884174
1504,,,,0.6838786159183,,,,,,,,,,1.5413496206289816,1.6435159279647922
1505,,,,0.9816253881104537,,,,,,,,,,2.2016840159658777,2.1029400838866117
1506,,,,0.8014014340255144,,,,,,,,,,1.592017198266817,1.7738609348165149
1507,,,,0.6526088844769823,,,,,,,,,,1.3976286553443575,1.6149735155858407
1508,,,,0.9190916436877608,,,,,,,,,,1.5301384555372177,1.5959846375810287
1509,,,,0.7548188260695443,,,,,,,,,,0.9253962653617746,1.4235098693525157
1510,,,,0.35527003231486676,,,,,,,,,,1.117118010451476,1.3463021548264695
1511,,,,0.5488858422164089,,,,,,,,,,1.3329856832379081,1.66826506053535
1512,,,,1.010000990197049,,,,,,,,,,1.689807632597002,1.49028219509994
1513,,,,0.6113391572816896,,,,,,,,,,1.3656657048175154,1.2876442456613888
1514,,,,0.38833852029161514,,,,,,,,,,1.0598808057535816,0.9984645865895339
1515,,,,0.9456174325589062,,,,,,,,,,0.9541464786079454,1.0590458458300216
1516,,,,0.6028206773120895,,,,,,,,,,0.833589089414,1.107092491287141
1517,,,,0.8505561885280427,,,,,,,,,,1.3285713330345772,1.250689742984141
1518,,,,0.6594001353078253,,,,,,,,,,1.3672628785499246,1.4336210884575296
1519,,,,0.896679738614926,,,,,,,,,,1.6740181064029038,1.2535994186275092
1520,,,,0.7160188618779473,,,,,,,,,,1.4628720826695238,1.2096761293425802
1521,,,0.33391836971938965,0.562359295315204,,,,,,,,,,1.1202563983526042,1.1335010955828249
1522,,,0.500279378818103,1.0489091896969307,,,,,,,,,,1.2063419669291353,1.438881917186703
1523,,,0.7838113015818383,1.0490702051167118,,,,,,,,,,1.706384578317509,1.8745291787628255
1524,,,0.2716329337371346,0.5017416460938245,,,,,,,,,,1.176261833184663,1.5652014788167679
1525,,,0.4232910649751126,0.7055062276167007,,,,,,,,,,1.2270322135077887,1.4584692070343033
1526,,,0.4583544757185924,0.7980722714120754,,,,,,,,,,1.567286987974532,1.908404749578757
1527,,,0.24593422858597497,0.3605972449509725,,,,,,,,,,0.8644461638973105,0.9745455987783475
1528,,,0.5140351200609722,0.7366235373295322,,,,,,,,,,1.22079094092432,1.4839240348187352
1529,,,0.5606628402838345,1.0670583179575328,,,,,,,,,,1.07784673246727,0.8943884215914717
1530,,,0.4552605101808257,0.5988350834547861,,,,,,,,,,1.4248688703576875,1.3307428940617512
1531,,,0.5256952577477468,0.47404377933726816,,,,,,,,,,1.3985073467444167,1.5438194375473175
1532,,,0.572337198973307,0.4752777889953,,,,,,,,,,1.3320503867913607,1.4801266457322482
1533,,,0.5509947339321662,0.603282879902711,,,,,,,,,,1.303759030082944,1.5634426477009242
1534,,,0.8835281641720173,1.0836833986244596,,,,,,,,,,1.0895404901729295,1.5379556574877251
1535,,,0.7939469854477907,1.0105055253339261,,,,,,,,,,1.618476887819269,2.2528342280714204
1536,,,0.15487540500035207,0.21014329680918167,,,,,,,,,,0.8076441172222087,1.1364043180786045
1537,,,0.31189966790514784,0.3582051432128852,,,,,,,,,,0.8467039212198988,1.2774637071727526
1538,,,0.41063315925347177,0.3768355876718329,,,,,,,,,,1.0666841028648237,1.6970771597560146
1539,,,0.6324766038055122,0.5434683159801643,,,,,,,,,,1.4318941414267095,1.569361540310588
1540,,,,0.06608635932190211,,,,,,,,,,0.8924580341139995,0.991044318411479
1541,,,0.2089126182555917,,,,,,,,,,,0.6110639275519454,0.8486952467281746
1542,,,,,,,,,,,,,,0.6745769941485013,0.7615419959403421
1543,,,0.08748155005124386,,,,,,,,,,,0.6686786026308784,0.6693040518040706
1544,,,0.08792986909744217,0.08354874503700171,,,,,,,,,,0.8509787546870651,1.2296001469228985
1545,,,0.31518521766614616,0.40242639443704686,,,,,,,,,,0.7515600987968947,1.2711136209318876
1546,,,0.48012203013120247,0.3692684403838812,,,,,,,,,,0.9749948864974223,1.4092054861446
1547,,,0.2649756731573198,0.11737197616865118,,,,,,,,,,0.6881470093899301,1.2833132701652896
1548,,,0.11375895634920494,0.11764166821754278,,,,,,,,,,0.821129763793094,1.2659385595363346
1549,,,0.17715273238063428,0.13488008848436056,,,,,,,,,,0.9012998852594416,1.2346289801624566
1550,,,0.24117793536564078,0.37154081264342564,,,,,,,,,,0.776452818293938,1.2868026265125014
1551,,,0.3575917718118997,0.28723238104553406,,,,,,,,,,1.3734415100263457,1.7504402675741866
1552,,,0.25734394378512576,0.3044091961958167,,,,,,,,,,1.4750210371289783,1.4216095236868667
1553,,,0.34923824468561127,0.33835543148136654,,,,,,,,,,1.386520928176062,1.5335736531725235
1554,,,0.312910593199551,0.4912975370584882,,,,,,,,,,1.4877686978306546,1.3101026889145733
1555,,,0.28934127030420626,0.3907046768775728,,,,,,,,,,1.3653959465261227,1.0150703559520096
1556,,,0.27798009780657623,0.46063789675001543,,,,,,,,,,1.4755330713022667,1.1363020532501502
1557,,,0.3607425030567118,0.3601465374146631,,,,,,,,,,0.8959953235941807,1.4148254795673338
1558,,,0.34883165947335515,0.5679460705935288,,,,,,,,,,1.1663029548900985,1.371026343779523
1559,,,0.444577054299333,0.5358745936272227,,,,,,,,,,1.7820326486384623,1.8254403386323996
1560,,,0.6103051728476185,0.52119231542241,,,,,,,,,,1.5702975311594252,2.0511372972196447
1561,,,0.3409582767669438,0.4360666091541904,,,,,,,,,,1.410146557723049,1.5242589295090818
1562,,,0.451516264511905,0.5067285637208844,,,,,,,,,,1.2144682642292313,1.6356321097500839
1563,,,0.30227429268880307,0.4191156112738577,,,,,,,,,,1.2767336935923506,1.6461726291371956
1564,,,0.3991378037435603,0.40035749862134845,,,,,,,,,,0.9283975637018687,1.0361982424628717
1565,,,0.4682849292730808,0.5382047392363104,,,,,,,,,,1.3019060585432267,1.16310148140184
1566,,,0.3986589430962139,0.4326116998561839,,,,,,,,,,1.4672994531944399,1.0803660876288672
1567,,,0.2879606557477797,0.22480280710456307,,,,,,,,,,0.8414154066252885,0.9576251425625234
1568,,,0.24759908008940174,0.2935378150610195,,,,,,,,,,1.0861551991527592,1.3674613583136044
1569,,,0.564690504953757,0.689734785382839,,,,,,,,,,1.2803108406021093,1.3972834419289373
1570,,,0.6330013329184078,0.7415654239505358,,,,,,,,,,1.219160609180741,1.8393845982422004
1571,,,0.523280303275767,0.6200314743646028,,,,,,,,,,1.1869725179472965,1.5236185459711522
1572,,,0.6353407621922597,0.6378314342877653,,,,,,,,,,0.9575626115707891,1.5308380831124995
1573,,,0.6103111027302628,0.7254426487123562,,,,,,,,,,1.3872859105605166,1.2322695108983794
1574,,,0.405053815466355,0.48363170835788755,,,,,,,,,,1.0725780115226016,1.2092943565658651
1575,,,0.49355111641170357,0.5157644454175782,,,,,,,,,,1.25324603630261,1.295450641547435
1576,,,0.6406880161097908,0.7203145286969646,,,,,,,,,,1.565491102696871,1.3122420616225385
1577,,,0.4295098534613441,0.5337070885097611,,,,,,,,,,1.12087946906311,0.8899671146369538
1578,,,0.40308694596715466,0.6202330522959288,,,,,,,,,,1.2387097979389148,1.281230205751181
1579,,,0.7240917144977358,0.7594684558860739,,,,,,,,,,1.3562359699538762,1.1410445293003397
1580,,,0.46635233604800685,0.6077610527066728,,,,,,,,,,0.7577246027461689,0.8531444774939538
1581,,,0.6602530538501815,0.9580184460633419,,,,,,,,,,1.4587932705867883,1.6715140685533643
1582,,,0.9156918657294162,0.9604114672049331,,,,,,,,,,1.1175041727519632,1.552272608263078
1583,,,1.0090038366197402,1.1210664362883058,,,,,,,,,,1.7431704070453662,1.633901169494219
1584,,,0.6838786159183,0.913582066173916,,,,,,,,,,1.7522503584071532,1.6466840893382735
1585,,,0.6097975895837666,0.7394828031229689,,,,,,,,,,1.6392664439121571,1.6221798428904846
1586,,,0.5787899245739826,0.7935193268282231,,,,,,,,,,1.2766321685747997,1.26005275768119
1587,,,0.4597926231542375,0.4590502879307391,,,,,,,,,,1.4410729129778552,1.3185597270673572
1588,,,0.34095335169062096,0.2654763684846316,,,,,,,,,,0.819052303421377,0.6422659514920304
1589,,,0.44401107415855545,0.4442012271949824,,,,,,,,,,1.2824232283137729,1.3699882992835812
1590,,,0.4144817043673446,0.37436481839581004,,,,,,,,,,1.1350219354056545,1.0644712215051975
1591,,,0.37086881230838437,0.3762635546402994,,,,,,,,,,1.2284579544440684,1.2509992103800898
1592,,,0.37132389345479744,0.27005727588378636,,,,,,,,,,1.121205911351233,1.0116813143134742
1593,,,0.41749991228993444,0.397037095798586,,,,,,,,,,1.2418824450881683,1.1440127288938673
1594,,,0.8065492344518161,0.6910430554302934,,,,,,,,,,1.6004004037016428,2.0054541246856763
1595,,,0.6904508237731697,0.733105263599567,,,,,,,,,,1.5004134200697448,1.8863600983841342
1596,,,0.7083142958417052,0.6249345082610434,,,,,,,,,,1.8816243731120994,1.6842558324543486
1597,,,0.7290481615954651,0.552021252996657,,,,,,,,,,1.4825607665278906,1.6593745490307166
1598,,,0.6287303615725776,0.479841555973048,,,,,,,,,,1.7915860574742875,1.6334225380146958
1599,,,0.9894397115750908,0.6112986655702667,,,,,,,,,,2.094930840218812,1.718082231044765
1600,,,0.8716751361992402,0.5188284145741724,,,,,,,,,,1.9536584516954834,1.924167087134131
1601,,,0.35928510534026925,0.24084576451421438,,,,,,,,,,1.2870600275221693,1.068182176615198
1602,,,0.4540054701673281,0.2595376909151789,,,,,,,,,,1.0060936835415275,0.8196332219560786
1603,,,0.6263105702189324,0.3151942383445108,,,,,,,,,,1.140719566700047,1.0514727278843814
1604,,,0.23519139660648022,0.24111478772489825,,,,,,,,,,0.967308769075664,1.0884699661854011
1605,,,0.2038129102003802,0.2420130489209685,,,,,,,,,,0.5318100460758909,0.4391701358827759
1606,,,0.4381573254811395,0.316687094229232,,,,,,,,,,0.3574456779557241,0.4918883615450088
1607,,,0.31356282169649785,0.18611737866845937,,,,,,,,,,0.21768345902319336,0.12365997739828144
1608,,,0.42316671293398667,0.29791373924316567,,,,,1.9128752322496465,,,,,0.4675780850360295,0.4767481231145752
1609,,,0.25107254540177243,0.16732601295101765,,,,,2.2929471529163057,,,,,0.3632859454858736,0.5872983345173125
1610,,,0.3939704496413066,0.5030182419230039,,,,,1.5319948167281385,,,,,0.4952144435876638,0.47044379876769027
1611,,,0.632058372449691,0.5218648297081063,,,,,1.5931862070060634,,,,,0.7805720373366785,0.6339103412151555
1612,,,0.74460186942597,0.5770854698874848,,,,,1.7837015154645717,,,,,0.9695093755251195,0.7155473836398187
1613,,,0.7302898019874923,0.48426915855293956,,,,,1.7487986150493986,,,,,0.9059238318383329,0.6972289838610155
1614,,,0.653397343288277,0.3547615432328961,,,,,0.29043661280629424,,,,,0.8531250631971099,0.6445916376208219
1615,,,0.4491135668150783,0.13114420123121695,,,,,0.3084210720365833,,,,,0.6933939068443497,0.6318047009095513
1616,,,0.38795685564772,0.07536179364641296,,,,,0.20674442235466398,,,,,0.78291192622097,0.6762118534883508
1617,,,0.6350000266046602,0.49095412035521957,,,,,0.35953906957870335,,,,,1.103756087102001,0.9889981063509411
1618,,,0.8192077992865933,0.9086186036880106,,,,,0.5350409512188179,,,,,1.0552545542796679,0.8146228990663473
1619,,,0.5434683159801643,0.570101729803912,,,,,0.6996530248673691,,,,,0.8336336802259943,0.9839817344527026
1620,,,0.42956133559236376,0.5339574277963326,,,,,0.5709243306914149,,,,,0.7900751691469962,0.7745352699967244
1621,,,0.7805944501916477,0.8219967100929645,,,,,1.1921740028561087,,,,,1.4272520995843585,1.3045356793956202
1622,,,0.850836934370083,0.8061602404815255,,,,,1.2963850777311687,,,,,1.3743727392546927,1.61545645795438
1623,,,1.0017592363807277,0.8866753686661767,,,,,1.34979872204153,,,,,1.6843923987506424,1.696201850671883
1624,,,1.0861336854810222,0.6768113121619647,,,,,1.5403045138084994,,,,,1.5582292173092027,1.7547952309012527
1625,,,0.9389949203531095,0.7192895903024366,,,,,1.4444625249033887,,,,,1.7712754047437285,1.8237761326286837
1626,,,1.2420847540185094,0.9020297865401878,,,,,1.8475614638087943,,,,,1.8292970154058614,1.9271876376384758
1627,,,1.2743243126882127,0.947725759280258,,,,,1.2915684598912662,,,,,1.2795755418078285,1.9161675992874017
1628,,,0.8402976301253056,0.6922264067866135,,,,,1.2571624027968842,,,,,1.626002275831899,2.0389079940777033
1629,,,0.7587004977245282,0.7148638679003503,,,,,1.5986747286760756,,,,,1.6347395566419802,1.8332949908421632
1630,,,0.3546525938869063,0.4574387634672947,,,,,1.6559007688271157,,,,,0.9992036656108243,1.1734298764754585
1631,,,0.6420488517488409,0.8549292940218655,,,,,2.2108081373071173,,,,,1.2437501071816817,1.5539863355873864
1632,,,0.4735254163046038,0.7560572988931299,,,,,2.387843209038723,,,,,1.4094267353987167,1.9018167284187466
1633,,,0.2030132588888199,0.4180899790813512,,,,,1.5983009687262395,,,,,1.0751773557418434,1.3115447652932488
1634,,,0.5251801258211426,0.7973535616988946,,,,,2.243460699398641,,,,,1.5923753354694026,1.3097308538634291
1635,,,0.3907046768775728,0.5780487848208157,,,,,1.750623939373876,,,,,1.079467546020129,1.0170857725291267
1636,,,0.5971231994907606,0.6383981252033667,,,,,3.133072609817503,,,,,1.2355481923311533,0.851609608640571
1637,,,0.7545927450592943,0.9759125327135485,,,,,2.975374107879273,,,,,1.4562694719720088,1.1209613510974477
1638,,,0.5679460705935288,0.7175803514589841,,,,,2.4571663177360534,,,,,1.791909159045983,1.3979404450905248
1639,,,0.7260236429788178,0.6978872634537748,,,0.7775527752037217,,2.963315512685723,,,,,2.2617027767036655,1.7789989240023736
1640,,,0.8165346274951089,0.8979908588360386,,,0.6575100407323641,,2.301091989984083,,,,,2.2131982453042878,2.059706678203806
1641,,,0.226754636760179,0.4569841220182669,,,0.41684510129579583,,1.7131854977675418,,,,,1.1282059434145226,1.1188448159167823
1642,,,0.2271541837369482,0.5153820785828701,,,0.26690888271561924,,1.8202196277319154,,,,,1.0572649510317622,0.9910977616811899
1643,,,0.40165246080411365,0.5933114097579691,,,0.40330232024017676,,1.8426109340321626,,,,,1.0687966519760217,1.7500576644910035
1644,,,0.3307301075567661,0.297499273781234,,,0.37138465212070565,,1.3975431785085946,,,,,1.344376393438258,1.1844566519743263
1645,,,0.3645903072245974,0.3373522956192309,,,0.29746330505160784,,0.9418454805780588,,,,,1.0266508414339037,1.2109975108706195
1646,,,0.6229608477929048,0.6761518003448587,,,0.37384372368070706,,1.5775749411652087,,,,,1.2773655294362887,1.687105865559481
1647,,,0.5706532795731217,0.6972943075014034,,,0.3188769904114309,,1.4118392998541576,,,,,1.3080533383211763,1.6851558387990333
1648,,,,0.7811436351259361,,,0.275490975391474,,1.8916365195030043,,,,,1.7301163216338429,2.58352503881489
1649,,,,1.043769788866086,,,0.42172441788208126,,1.791014515897223,,,,,1.4111275790392495,2.3300085415019307
1650,,,,0.7630975048152975,,,0.3188735822851282,,1.3052753547925589,,,,,1.5868461035416987,2.2799215387083906
1651,,,,1.0075651198077544,,,0.5509947339321662,,1.5098419679540884,,,,,1.618997871668145,2.341995678843016
1652,,,,0.6685167363903419,,,0.7162468317554487,,1.8442162361666328,,,,,1.2915439081258056,1.3833512669585688
1653,,,,0.7911358362404144,,,0.26306900114837245,,1.771970267762137,,,,,1.251148919850029,1.6322838504191381
1654,,,,0.9959187222503002,,,0.4979839945395935,,1.8127808899931657,,,,,1.4062717964456102,1.3678045040484756
1655,,,,1.4291979277175957,,,0.4690491159650493,,1.7373202119606355,,,,,1.2665147494537383,1.657743371757007
1656,,,,1.0419967811279285,,,0.7270622407958528,,2.732551126410376,,,,,1.3084638632676056,1.451032203126147
1657,,,,0.8613437186223568,,,0.7930283570792191,,2.135691453672541,,,,,1.13287071756073,1.3552987192894297
1658,,,,1.3007331184030384,,,0.7754303064119913,,2.510368402294009,,,,,1.5441953758165505,1.3756394400587537
1659,,,,0.9758366290020283,,,0.5333416254289811,,2.280320866042219,,,,,1.1597740708204785,1.4104412515905522
1660,,,,1.1292442412202974,,,0.4594177570401426,,2.377439159271978,,,,,1.4921630094043887,1.6156228460102653
1661,,,,0.8383822659485041,,,0.32368173518960225,,2.311600222747647,,,,,0.9052595843740148,1.6318104034831382
1662,,,,1.1775071987196446,,,0.5564704572880983,,2.177265496399058,,,,,1.1151279109229302,1.194730846447419
1663,,,,1.1429365516282997,,,0.6467600666509319,,1.8195539657518058,,,,,1.265087675666248,1.450722279859785
1664,,,,1.1925901190198562,,,0.6506916987304454,,1.5505305709954522,,,,,1.2167421701265446,1.1068143631948415
1665,,,,1.051011602012403,,,0.5930407923044777,,1.6339417274025732,,,,,1.216659240443752,1.3891613075169202
1666,,,,1.4005695483059184,,,0.5650028165343846,,1.255575032939074,,,,,1.1891346711593986,1.3854707139658087
1667,,,,1.078971895570907,,,0.6478728498491768,,1.3014144877839693,,,,,1.2223216775007701,1.4908863834160206
1668,,,,1.5001244645880483,,,0.641025565050782,,1.9572834974136493,,,,,1.520514883346742,2.2220159195213527
1669,,,,1.2023076930070888,,,0.4699777572384967,,1.5537223270118483,,,,,0.8856367322911898,1.4824472960057147
1670,,,,0.7884289493495864,,,0.5314152439162846,,1.8295613684590288,,,,,1.1382429621046533,1.6028870124116408
1671,,,,0.856381764971413,,,0.5768898412214172,,1.8687726526289197,,,,,1.5887640634931115,1.4869012080462018
1672,,,,0.7026976593500126,,,0.5880111563874896,,1.5066462396301357,,,,,1.4934984891441594,1.0825116632123462
1673,,,,0.5962177481702855,,,0.6115622304157087,,1.5093060340813853,,,,,1.5820459794001027,1.6253762118021449
1674,,,,0.42131229484543853,,,0.6499439429668045,,1.7635271900980272,,,,,1.3850075098994128,1.6533134617392706
1675,,,,0.31144608648645367,,,0.6239509219536459,,1.9434341046365393,,,,,1.3766546696760815,1.7564307592226167
1676,,,,0.512806036571416,,,0.7432797667239952,,2.19785481708485,,,,,1.8413065249210385,1.4939462607179046
1677,,,,0.5133780932376261,,,0.6776432070077711,,2.5757077342827843,,,,,1.571314459993568,1.303783626157323
1678,,,,0.5813822492073527,,,0.7147351690904333,,2.726627508091242,,,,,1.6586916878380276,1.3925167923567494
1679,,,,0.46928873913722197,,,0.60690573264516,,1.6382810179225662,,,,,0.9760748720636715,1.3747474910712842
1680,,,,0.13336378709396315,,,0.5773935261334058,,0.7201873487001368,,,,,0.6425327323756722,0.7140826919288
1681,,,,0.24300180804213517,,,0.596304741031548,,0.7453112370212152,,,,,1.043860943535437,0.8425505862383404
1682,,,,0.3756732519379727,,,0.783135897689951,,1.2443124628433861,,,,,1.3504908463783496,0.9603895026815712
1683,,,,0.33187855917816816,,,0.8167440089968733,,1.0624714437625578,,,,,1.4110510581577858,1.1268110510776692
1684,,,,0.39737702393480356,,,0.8605534426835515,,1.575047799113536,,,,,1.4407703504331995,1.2871795624293825
1685,,,,0.8402540653753416,,,0.9653538173639853,1.3607173566065127,2.202089754190784,,,,,1.894266669963511,1.3132854329070383
1686,,,,0.44385975357978485,,,0.8734745325376118,1.3626657365902617,1.777899481736491,,,,,1.1738129741709997,0.8981457256851331
1687,,,,0.35497569507363813,,,0.7106836598930212,0.8099383449678996,1.86009247813945,,,,,1.066716576515524,0.9670028704605904
1688,,,,0.4895322599861758,,,0.7829951270229869,0.8928456430664077,1.4199572206708901,,,,,1.2153773318935481,0.7880673892048502
1689,,,,0.8436606063551251,,,0.8923306224281502,0.8348240448120275,1.2352079860759377,,,,,1.4128256513026054,1.06532827382638
1690,,,,0.7552283272233239,,,0.5041290830438582,0.6875317135778886,1.1117012621386049,,,,,1.2889243303278113,1.0897399371880772
1691,,,,0.70912316213995,,,0.764275949100852,0.9837369143438999,1.3860612973341901,,,,,1.407624950842266,0.995554746408144
1692,,,,1.0854275200492565,,,0.7416675034918432,0.8715231808306483,1.6226643235184115,,,,,1.5973838617842324,1.3248032696882817
1693,,,,,,,0.8023731006807409,0.8363220700900531,1.553893657867041,,,,,1.3614088962474447,1.2074570526153612
1694,,,,,,,0.623603002346863,0.5976753364425199,1.3655660884882481,,,,,1.63441966624261,1.454920796290341
1695,,,,,,,0.6728987704227725,0.5198541993283273,1.1629248185074743,,,,,1.3454466877742182,1.028070886391621
1696,,,,,,,0.816251065583488,0.621394673171019,1.0545046906874442,,,,,1.2850178451108547,0.7755838172614038
1697,,,,,,,0.7834672350865503,0.6424364131804833,1.2433707390679638,,,,,1.3564112424298105,0.8382011364736135
1698,,,,,,,0.9633090441491642,0.8835281641720173,1.7350002323744016,,,,,1.791966807774452,0.725124777570418
1699,,,,,,,1.1018889854255252,0.8697866974905647,1.558911147904584,,,,,1.2228001825678516,0.8092332183603077
1700,,,,,,,1.3676301091378056,1.3009534020029574,1.6923672367797102,,,,,1.7965123038170896,0.7534480178465157
1701,,,,,,,0.9837787407042466,1.0316681323016428,1.695645788435919,,,,,0.9656524049960137,0.897793464635613
1702,,,,,,,1.3885709288428092,1.295909940820515,1.7082355309216368,,,,,1.2659549528074217,0.9728045666003765
1703,,,,,,,1.4783873269421075,1.6456554710554963,1.8977556188767635,,,,,2.109050517723256,1.296085158980479
1704,,,,,,,1.5345353384858924,1.7147528226965485,2.0873590618132676,,,,,2.8622563515660326,1.3788601039946213
1705,,,,,,,0.8647067719320014,0.9155288270612695,0.958473125165314,,,,,1.3658297032222664,0.653807895058806
1706,,,,,,,1.0184128374411157,1.2407994408469618,0.8382587055572838,,,,,1.1969376359839716,0.7159774093641831
1707,,,,,,,1.2743117828350543,1.7408828460197525,1.4555520640648942,,,,,2.2499148167114664,1.1099070622267264
1708,,,,,,,1.2330830704928502,1.4784779418241347,1.0131119459934153,,,,,2.0741432774111477,1.2254617219097375
1709,,,,,,,1.299524318328579,1.5343216395987995,0.8825347809446548,,,,,1.520645450541777,0.8028882107391851
1710,,,,,,,1.442222002178433,1.9078533302581993,1.3373485805682717,,,,,1.5906589349531868,1.0189338932413308
1711,,,,,,,1.3852050661333897,1.5595711048687966,1.46043206324679,,,,,1.8034251440917937,1.2594477288034123
1712,,,,,,,1.0111737624516286,1.2778922763227354,1.552695171869606,,,,,1.8710940829258527,1.0982064844652806
1713,,,,,,,0.7940184473391451,1.231211490045408,1.4955371835547189,,,,,1.8467237336811002,1.4207388309989675
1714,,,,,,,0.5304821960346388,0.7933484715975025,0.8601689110645436,,,,,0.8633951226878667,0.469526968533396
1715,,,,,,,0.7867644743884394,0.8224610751673692,1.1461659674909168,,,,,1.3530984175023009,0.7261564841961832
1716,,,,,,,0.7314741035856573,0.8337943778638074,1.087470713405157,,,,,1.4525268070392834,0.8485938616374488
1717,,,,,,,0.6245838179317761,0.8575739119502233,1.3020816661276418,,,,,1.1035335881261445,0.7707808564231738
1718,,,,,,,0.4202719406674908,0.5788845974191694,1.3314065662581225,,,,,0.9220383416661254,0.3826733988838692
1719,,,,,,,0.3405397954964291,0.5194990989552793,1.2683716508159029,,,,,1.100250774630815,0.4219849842691406
1720,,,,,,,0.5322822753685916,0.7439276903204566,0.9118678878422828,,,,,1.1089358273288075,0.522677737000981
1721,,,,,,,0.9050187739663572,0.8283716736857826,1.3265033500579184,,,,,0.849650665089564,0.8051052625260605
1722,,,,,,,0.8858875938844087,0.8251210406773593,1.982401556157076,,,,,0.9770685726833377,0.7270229377953711
1723,1.216416918263491,,,,,,0.7384298515721467,0.7476977731397872,1.8203727253046904,,,,,0.9136043104980517,0.572580853854928
1724,1.4174582399846254,1.5503352879828805,,,,,0.6588008358127132,0.8056028281588564,1.9688010712001585,,,,,1.3084645603196454,1.1097140830392598
1725,1.6626300336584448,1.4412810675473922,,,,,0.6286934575014782,0.8837638533799184,1.7399802344547197,,,,,1.4105909319573828,0.9975351832710504
1726,1.5943672197614422,1.4844911014807545,,,,,0.5375784538383609,0.5555018284601013,1.6542967293588777,,,,,1.2214267029655967,0.8195095242440714
1727,1.4344863868601039,1.4054051789008268,,,,,0.41113129309540236,0.36547709934191647,1.2734465573487548,,,,,0.9996885883883591,0.6055349354651336
1728,1.4808375369369908,1.1640504286815596,,,,,0.15128465266226174,0.3729873959120857,1.1843569104627811,,,,,0.5608855948380823,
1729,1.229671142929875,1.0577410978121362,,,,,0.46772319561277126,0.6363165803651862,1.2860421479261066,,,,,0.9402401622071708,
1730,1.6706141401981596,1.4170496028049033,,,,,0.722422239272856,0.7821963400749852,1.938409702141592,,,,,0.9758823495812207,
1731,1.01620139801445,1.5421053601829167,,,,,0.5048525152870055,0.6623095082198933,1.4726193210159162,,,,,0.8982142074294613,
1732,0.8288075954574006,1.2848523423171208,,,,,0.4621590964721959,0.694652974695266,2.1111514932624305,,,,,1.1183934474162367,
1733,0.899522996590589,1.003907791680795,,,,,0.48279708432620916,0.6721194302864231,1.9934747129372952,,,,,0.8330929231521691,
1734,0.8993870269580538,0.9929799313012995,,,,,0.426752541212492,0.6550187705851349,1.4646767509043455,,,,,0.7106553381820268,
1735,1.0550962990190418,1.1563547489460693,,,,,0.7457179799613701,1.083741049152707,2.1186523475286525,,,,,1.1294689906769355,
1736,1.5078880668535763,1.4888581108379813,,,,,1.010902424319656,1.603544836750464,2.4985642600493345,,,,,1.527564543322439,
1737,1.0783459056081932,1.0366730459618336,,,,,0.5780526633607201,1.0735927125300533,1.133042984966284,,,,,0.8030818547366647,
1738,1.215176254618147,1.2205453656883947,,,,,0.5386038284735023,0.7570316137336704,1.6327495491601207,,,,,1.0726247533126587,
1739,1.1996141073274917,1.2628302253874861,,,,1.1186265385599552,0.8138112353061859,0.7868614941649447,1.4704600363444968,,,,,1.273015423800764,
1740,0.6884144140425849,0.9237028626421686,,,,0.8814446198223721,0.6823378552105175,0.5367541823853136,1.005256241787122,,,,,0.9042604251955164,
1741,0.6203135921938677,0.7367241974841698,,,,0.5926088477111171,0.47416603855354444,0.28347650328448715,0.8221739042084087,,,,,1.045140643422604,
1742,0.917307144809138,1.070345021824713,,,,0.7841924695715539,0.7887001531492961,0.3886909836111848,1.1570315725534337,,,,,1.1066132152168429,
1743,0.7864945628445805,0.7338457158473104,,,,0.77485781060722,0.5986092617251072,0.5025196498614286,0.9604193715959528,,,,,0.9289877816388297,
1744,0.8792091846320788,0.884806383200153,,,,1.1247313673402382,0.7905701610036728,0.5013287612516073,1.1775988662602472,,,,,1.0688450704225352,
1745,0.37492092879104505,0.44579620629232164,,,0.8037892185388166,1.1020195671400117,0.7998061804635229,0.48271834381491047,1.0802392327487427,,,,,1.2982079864540708,
1746,0.38940370600295815,0.4374077502562192,,,1.4531924813287755,1.0502672112154863,0.6806410804014975,0.5065843708793384,1.016652092083858,,,,,1.3372926938592562,
1747,0.5295111656791255,0.5652634441978425,,,1.9310260248061653,1.4764121460807642,0.5850423838009139,0.4406972639353865,0.8178727309281225,,,,,0.7658935424662107,
1748,0.8465309478629096,0.7438371136921048,,,2.0738583984452537,1.6237624863116116,0.8900091284685696,0.5976504426068622,1.241940276442114,,,,,1.2431392235609102,
1749,1.0094311358374088,0.7328178354634142,,,2.6008884325693034,2.120304206249245,1.0458637874540329,0.7823256881001495,0.9534266565343518,,,,,1.4149085794655416,
1750,1.7316641133156754,1.2113173630048906,,,1.9239135301316301,1.6808025088216099,1.3935176536964053,0.8281148151596983,1.6045263369376377,,,,,1.3540070067878256,
1751,1.2527228932630565,1.0238306071428447,,,1.4603808716510038,2.097296976605629,1.081045603582966,0.6451928744261075,1.2227944578020105,,,,,1.3504093377644484,
1752,1.1424217991004038,1.088223927481039,,,2.0608135267898975,1.5290927427937047,1.2993972790477948,0.8953731496571089,1.672639673730525,,,,,1.3084995035023217,
1753,1.1877155278038096,0.9139374392803229,,,2.6946857761141794,1.951687589600763,1.3080113095466568,1.117427869965698,1.4494953036728873,,,,,1.0070098458904109,
1754,1.1709149442223221,1.162173258388674,,,1.794193343969049,1.422471027464772,1.105530952200037,1.0421254281236092,1.6437531463981465,,,,,1.0597261441739037,
1755,1.2029317316948833,1.260985324547116,,,2.105117454358755,1.7238454722296057,1.1901985569798867,1.0399161497127098,1.8547948944792927,,,,,1.1216869077805953,
1756,1.2125285486482602,1.099453733269517,,,1.6819705439215553,1.3454274688481398,0.6763721386159297,0.6089711852658678,1.487185708648801,,,,,0.8168140638481449,
1757,1.696591994056482,1.3298700210980918,,,1.9085519720033333,1.3172541575410956,1.0458197714337734,0.8171069711960145,2.069702638845407,,,,,0.884584211379478,
1758,1.2707661614014916,1.0521500738334773,,,1.5078880668535763,1.4517914411845958,1.0545457848713427,0.9842887879699015,1.97090433383014,,,,,0.8203531195840554,
1759,0.9619800081512313,0.9663117685657174,,,1.376964771776616,1.2547046072879948,0.907018547040716,0.8540576494063771,1.159445904461056,,,,,0.9609240599655933,
1760,0.8049961372462041,0.9619800081512313,,,1.4915692850803137,1.4698891579694051,0.8544491988259051,0.8213431728377221,1.4076769760131684,,,,,0.9303969101816089,
1761,0.9699863002894537,0.9794119669828817,,,1.8653999368942495,1.4309482115524887,1.2660784090564452,0.8976405489644164,1.3802675765041914,,,,,1.4165881244109328,
1762,1.0714246367769305,1.1990108434133524,,,1.9227293809750794,1.1845409508412565,1.1418892134591503,0.9998346237690747,1.9280668432668613,,,,,1.2158341187558908,
1763,0.7501082088872765,0.8137402304634914,,,1.2454923890323932,0.9203408355851467,0.8073071088544658,0.7961897679080808,2.269982699124672,,,,,0.9590707964601771,
1764,0.629386308107504,0.8182998642406651,,,1.0885378118401772,1.0764841307152222,0.7735097193428568,0.7471501167422058,1.9670357315114213,,,,,0.8961661341853033,
1765,0.8793433969128818,1.0945848836652243,,,1.5361221930558213,1.366517400139892,1.1724331016684137,0.94351392880662,2.5929899467005093,,,,,0.7833333333333333,
1766,1.2249401563164437,1.3739740576763777,,,1.9590266620957024,1.5268979918871064,1.4124348983524346,1.1209238504820929,3.0842796308318,,,,,1.1163849154746421,
1767,0.9778891170114333,1.1148331759733927,,,1.6484023502512948,1.4665715487796793,1.36050186416765,1.1414510142240042,3.4390912051773714,,,,,0.9850260416666667,
1768,0.7973178861924278,1.0054352893216145,,,1.3063866265905693,1.4280272488755046,1.2434155131821776,1.1587096139479258,2.4455108396827923,,,,,0.696795970852979,
1769,0.7404702576371479,0.8110647462991938,,,1.1069304844435053,1.1877155278038096,0.9696603335201983,0.876395513861635,1.746317891729275,,,,,0.4168457925324417,
1770,0.6740197180211492,0.6170585480309565,,,1.458054796766862,1.275139241455298,0.9636426263969213,0.854406784688222,1.9375175239412574,,,,,0.6279588154123766,
1771,0.5233716875181164,0.5364646735270372,,,1.1028035159023692,1.3555617793722985,0.8031686467886802,0.6804313230814003,2.160759443842357,,,,,1.2046387629965343,
1772,0.46787055041795356,0.53714462666333,,,1.0630142476631261,1.1668957538066589,0.5268131108898417,0.3996574511043207,1.5917012063648313,,,,,1.1925834760273972,
1773,0.8537731263973042,0.8806975066690891,,,1.448856275541616,1.917543509561512,0.5174836602356367,0.5272523453437221,1.769721997163355,,,,,0.6842383266427213,
1774,1.4226108370826684,1.2806596895959563,,,1.7339424195235016,2.237077929967209,0.8729526073970356,0.9155873249663965,1.9747053876723537,,,,,1.278769003378378,
1775,1.289975739861692,1.2844932800843512,,,1.8467060787143104,2.6000181886976335,1.065692541250136,0.9544081423990333,1.7372094919617098,,,,,1.221911446514328,
1776,1.131357208716371,0.9986908953767937,,,1.985408526302245,2.6363623494813186,0.9493011439307134,0.9014435397944189,1.916812437249991,,,,,1.4217432546374367,
1777,0.8742905490721606,1.215161446399065,,,1.5909742257900068,1.8092938906788003,0.8992796943560102,0.847771204915915,1.6226995878330979,,,,,1.0856209494704676,
1778,0.9681507798992394,1.6780737957997922,,,1.5319581125394686,1.68037357590711,0.861284234692885,0.8717276750699696,1.6233723809848593,,,,,0.8664196877480814,
1779,0.7158497557689069,1.3240885666269009,,,1.112648703078902,1.83299169589909,0.823895863614474,0.8661475931433653,1.4948375236117752,,,,,0.7778425038394322,
1780,0.8637577413581884,1.030823648307226,,,1.3422467579803254,1.6528231743344886,1.018036155237229,0.8179423706572764,1.6968046286220306,,,,,0.8980012690355329,
1781,0.7675372173676,0.8061738919343093,,,1.1904502600871487,1.4783960860597825,0.5815532138245586,0.33541027046297434,0.9895979890180786,,,,,0.6365857545015138,
1782,0.743249035576511,0.8833918916872378,,,1.2598189547903094,1.5869168541942242,0.49895635921806175,0.2916379765460272,1.081002915863031,,,,,0.7371273712737126,
1783,0.8069759547057774,0.9181311615945136,,,0.9874999418224577,1.1913719524153379,0.7500468431675827,0.4528902633168036,1.1040502769199498,,,,,0.772399915272188,
1784,1.1076917730597777,1.0417325960747308,,,0.5804680310639572,0.7052139234770957,0.7441447909366892,0.45930019728721977,0.9101534077354454,,,,,0.6098735382824488,
1785,1.2760930874896712,1.3439993513125303,,,0.7132847149964465,0.8008048712223969,0.8898513273734326,0.5298077225768844,1.1849900956431139,,,,,0.8131995776135162,
1786,0.8622817331143782,1.1870633371996944,,,0.5404512863097045,0.5708534346505652,0.6920084005166063,0.4354283134717484,1.022382435448349,,,,,0.7251948599115231,
1787,1.085737171697926,1.2339548939395413,,,0.8394981492402668,0.970992209737558,0.959474650741162,0.7162578540122203,1.5713604303720643,,,,,1.0771399691440124,
1788,0.8607645032125895,0.6841631492891042,,,0.9606834034931209,1.1504111180864975,0.9394774252123425,0.7252031069211748,1.4241570907424617,,,,,0.8166097352690008,
1789,0.5636167638664847,0.5342676226836762,,,0.9599841050098156,1.0741016751449957,1.180750869085511,0.8182670020219953,2.9520820234775864,,,,,1.2197470765648977,
1790,0.5781382919971398,0.7712650452909791,,,0.7904444561390448,1.0980345781366228,1.0820294853743706,0.72343044457024,2.719780315626033,,,,,1.4871958008589152,
1791,0.7992199334853999,0.9042675849186034,,,0.7308715691122218,1.2719438209173888,1.1207274385950994,0.7411201923791975,2.672437809736672,,,,,1.0360507341718859,
1792,0.9473867528396448,0.9768243631488222,,,0.8487146245286715,1.104819200116851,1.189321469082663,0.847020011166308,3.007408097832079,,,,,0.8991027860853142,
1793,0.8900851495401225,1.5691093093906616,,,1.224414290009488,1.1450385900751523,0.9915248690184144,0.724980475603438,2.6119645123294135,,,,,1.4505546501235478,
1794,0.7129418754332111,1.616988021664556,,,1.4146203700872242,1.2486297558406367,1.1065016881563179,0.8680544440850945,2.8194841338587677,,,,,1.1514331790043177,
1795,0.9244640914991404,1.3961778393900384,,,1.5409227878041667,1.2513053730840493,0.9494765551542502,0.7451145884769442,2.741216570874989,,,,,0.7831194929664553,
1796,0.940974106860452,1.297231870329439,,,1.8217705768078054,1.6267437462245882,1.1571563676734657,0.9994768608429314,2.9031415968619783,,,,,0.9491282785418477,
1797,0.7805096268740178,1.3890570148892387,,,1.58126058434659,1.2946759855219516,1.2874320380949553,1.2959013025736337,2.0624521639808022,,,,,1.0548277284918506,
1798,1.1604298038257725,1.275833043928683,,,1.6285956856336894,1.2547792541791685,1.5416615747346836,1.2773735963520694,2.697997795320166,,,,,1.3571835361118303,
1799,0.9872527188271925,0.9193015329009365,,,1.3325880143115996,1.1503075427078717,1.7192682266860841,1.155126870768476,2.9585715880370635,,,,,1.175996302382909,
1800,0.8127490039840638,1.1543262558594864,,,0.9240144943450094,0.8359380580691121,1.4348726626310604,0.9059211969416969,2.040677278849452,,,,,1.3447524135783242,
1801,0.8348397566414829,1.5028189130271368,,,1.3729998315647634,1.2938990375476667,1.518494595318555,1.3908516278251992,2.3621599265329754,,,,,1.3664765293840597,
1802,0.7160188618779473,1.4532395763759145,,,1.2423715513201945,1.180433958780718,1.3372597073050125,1.4646124426517968,1.3873170835699578,,,,,1.3228284316304517,
1803,0.5311171122421371,0.9650689007920158,,,0.8978737259771924,1.0321939687100832,1.0239013608194822,1.154723317880596,1.1590915960723627,,,,,1.054249737670514,
1804,0.767112690972382,0.9060233091189397,,,1.3393056150878697,1.7393379271813014,0.9854557226309631,1.3064554039921743,1.9119919008265438,,,,,0.945916458852868,
1805,1.1430167906495514,1.0802199117774358,,,1.386531413085381,1.65673664536543,1.012478539956419,1.1948225090824818,1.841789568744726,,,,,1.105998654313959,
1806,0.7212536162598727,0.7515726842627188,,,0.5892920232678017,0.8227352616882375,0.5921035567457917,0.8247444209526118,1.0049576593734357,,,,,0.8557134793986351,
1807,1.0347424671711611,1.1916364094728331,,,1.118807195310712,1.4193554003935156,0.6860366530991724,0.7945733463733553,1.4866737551841083,,,,,0.7498473748473747,
1808,1.0015024582426044,1.2542332935408014,,,1.1343464868383977,1.3396640801873103,0.8495419196921844,1.0966314092671718,1.3788999160029443,,,,,0.9981240176443746,
1809,1.0817917348529174,1.2675265487132963,,,0.9905492552750943,1.7846207248279458,0.7772058356724297,0.9496709431040704,1.3657625082446057,,,,,0.8098122041834189,
1810,1.0970988853844097,1.144504299192217,,,0.7791402830803612,1.4615308446380826,0.6366555829081285,0.7510139109503352,1.1431133161336873,,,,,1.0010169836265637,
1811,1.0984423861327544,1.112771726604187,,,0.7653322372502792,1.304687225906045,0.7562049168172825,0.7850805725036281,1.320896775588679,,,,,0.9902660279278361,
1812,1.0558408050387018,1.2082866247460298,,,0.9442925435953284,0.8379150380138312,0.5358766468833746,0.6302429558663065,1.0954027481283264,,,,,0.8092337615805907,
1813,0.9006831807408094,1.3394995287804425,,,1.1100276853963886,1.0206664351429464,0.8449433536468406,0.7794003074826081,1.4974773695872896,,,,,0.9757349510032663,
1814,1.14066669358872,1.39052841938932,,,0.9473867528396448,0.9584848769262224,0.802603102334298,0.6984511551162024,1.9364859054038976,,,,,1.33609375,
1815,0.8255449935510781,0.98224076392362,,,0.7669567038537389,0.9583945624307052,0.6684529177144143,0.5855852813443472,1.1837330470754568,,,,,0.7561734909244409,
1816,1.2749216454405405,1.3653244124113983,,,1.229824735122289,1.3571374877847102,0.9597284001454612,0.877449189331007,1.7523288955386402,,,,,1.1510321959567866,
1817,1.154863457524487,1.4502233716886148,,,0.7649194821597727,0.9013177372629342,0.9197641240836447,0.9689841093515045,2.064379565658226,,,,,1.2705311404691293,
1818,1.1153759599871949,1.7964542672603132,,,1.1202072700719667,1.2592592592592595,0.6998656285759073,1.0916258560078032,2.051402583928588,,,,,0.8780725500812129,
1819,1.2862821051735425,1.988278885194565,,,1.6585829571072879,1.8573477836938266,0.9366939254547735,1.1020166983755586,2.7105314948190227,,,,,1.2722161572052404,
1820,0.6881345514007383,1.530512884636873,,,1.192077889384657,1.2821740691966956,0.8061602404815255,0.9587043370038172,1.9555255029122036,,,,,0.9448585836439378,
1821,1.1034053688082124,1.3107324788585493,,,1.005478922867079,0.7687962249437394,0.603324761722855,0.7816226393013921,1.5081054936933118,,,,,1.0695210529190105,
1822,1.0078169796590073,0.9881242108730259,,,1.120980230023303,0.6287450002613238,0.5897927148839979,0.6460760961415926,1.2536107537408625,,,,,0.7594437753202673,
1823,1.3120630120242591,1.090424928811385,,,1.6016555331121782,1.2322842109038372,1.0517180225773466,1.194436753348098,1.9593625747091832,,,,,1.0255786973095409,
1824,1.2512307858383573,1.47814693759695,,,1.1845442475850387,1.03436425765369,1.1765605911393753,1.3058180332440514,1.6016891529620494,,,,,1.1717911449016098,
1825,0.8014073891045822,1.3012800172718917,,,0.9107096365798998,0.8309414774957193,0.8391321826960618,0.9719532598242633,0.8857373139601642,,,,,0.7797544617483234,
1826,1.0861336854810222,1.7029907018472372,,,1.6907789923472911,1.631542770978815,1.1055844611249057,1.4301399848015275,1.4990511619988605,,,,,0.8731265851971408,
1827,1.2575824826157715,1.5372969086808315,,,1.27297623396998,1.154933708848153,1.3641985479098353,1.3067430647985563,1.434558424957637,,,,,1.2678737773637634,
1828,1.2420847540185094,1.8276865414015881,,,0.9987794642555194,1.0432337506501799,1.3186169572992015,1.6585028278234166,1.200982595971232,,,,,1.3684241427900423,
1829,1.4755334146916148,1.9134819183528387,,,0.9328360120709709,1.0302551470929961,1.361922247453437,1.3257870255990372,1.1796098901459295,,,,,1.525026436376454,
1830,1.3444762082004889,2.162997846536572,,,0.5758639134894975,0.743017610129319,1.1042415812781239,0.9822005889851562,0.9185823396420038,,,,,1.0824269504380033,
1831,0.9104405972694338,1.495729781623044,,,0.6161509446336183,0.8350705127074368,1.4672967361093134,1.393041066066743,1.4779598974996073,,,,,1.5093927221172023,
1832,0.8950755940955254,1.3488008848436057,,,0.6316155011570246,0.7681402913779256,1.1840700391228585,1.3061437329443872,0.8965772441656824,,,,,1.2197037301445655,
1833,0.7434249862354999,1.114622437930277,,,0.5272523453437221,0.8501078228999697,0.7694028653132238,1.0127787980045597,1.085980080532589,,,,,1.028678526804308,
1834,0.8455811005439353,0.8785931655510454,,,0.7296332727356999,0.67892449738351,0.7321628498426112,0.7612084640714805,1.2710288929825284,,,,,0.6483958020989505,
1835,0.6428753198145963,0.5073486603263612,,,0.5672723892735976,0.6626795149438376,0.6353389753788203,0.6629405486519562,1.0174757238075458,,,,,0.7464763281532345,
1836,0.9825950741169764,0.524450918796118,,,0.711332424196299,0.6340668366478232,0.890995603061572,1.2206588869947144,1.33128251825694,,,,,0.7932240173619484,
1837,0.6115377551127226,0.4235323595331795,,,0.4413490542446149,0.37219345276217314,0.5981890829603784,0.8337779011770305,0.4993383345880714,,,,,0.5695056437496228,
1838,0.631244525175947,0.4416661564702997,,,0.6199306500954629,0.5964293928801666,0.49888381046446584,0.9201783843361275,1.0100913125303845,,,,,0.4508117859290438,
1839,0.6345438992544065,0.39239524537964277,,,0.6800862583199757,0.6975524874053023,0.42320703473865584,1.1381459217383276,0.812494168623452,,,,,0.6524716199171121,
1840,1.1358921411870575,0.7202930748293263,,,0.9715086260178322,0.9475987818082492,0.8642561010081975,1.6579144895631208,1.274139409978721,,,,,0.6307365868444983,
1841,1.4174747315300729,0.8949453233595,,,1.053448762085167,1.035151210926752,1.0560943093691852,1.6505435464600047,1.507854528920517,,,,,0.9119246103660746,
1842,1.04238463084482,0.6741648113374737,,,0.9830493591439119,0.9858751914366202,0.8072146961930815,1.2531246788680754,1.3592397060230226,,,,,0.7267000978473582,
1843,1.447741142391912,0.6428038556876389,,,1.4739519478855971,1.1569758840065096,0.6965332691902943,1.1151569596160622,1.78590276214654,,,,,0.8289326192552,
1844,1.6424994824056254,0.8721332183083808,,,1.422508884403943,1.0490580692723896,0.980420110500045,1.289659201941514,1.9999424849604912,,,,,1.2466241560390097,
1845,1.2573468338215732,0.6290423549638565,,,1.0978147480354876,0.8719061086814087,0.7769850855015639,1.1004798778572564,2.7347326568484323,,,,,1.1509802685494546,
1846,1.0966314092671718,0.5238945140923221,,,0.9709550898105652,1.1512077532716687,0.7671231083416243,1.0121969945691978,2.7375176449671286,,,,,1.1722292191435768,
1847,0.9201564896620792,0.6092396718150954,,,0.8798785292877392,1.0301466757993039,0.7727910936796982,1.1068880017157232,2.8406486651014156,,,,,1.0213447171824972,
1848,0.7440921237526363,0.5902890688398245,,,0.4494922482990692,0.7261934065303319,0.6646980897206933,1.0813070864893513,2.1627160915750028,,,,,0.7467891046720854,
1849,0.9683813229119641,0.6748742517756469,,,0.682448093899492,0.9816589022791486,0.7476133188973537,1.020178083143775,2.3380135326492653,,,,,0.9571045576407508,
1850,0.621609490717453,0.6744084213136893,,,0.42969418517397084,0.8591103981526382,0.6219231456722272,0.9128039774842569,1.7611688873721458,,,,,0.49539387102838883,
1851,0.9483853299014038,0.8633465148853513,,,0.6975248869451269,1.4616954639995032,1.0203623734075087,1.2190688302784087,1.9979233703388735,,,,,0.8250694658845322,
1852,0.9830053294228033,0.775951633555694,,,0.6873634614424999,1.3451387738773783,1.327214133937645,1.3946086918320693,2.48980546740167,,,,,1.0646527905691658,
1853,0.843931728996265,0.7588111314842693,,,0.6794584457399664,1.0549026275694466,1.0718984457881968,1.3070020789396155,2.137184713486664,,,,,1.0969431776161715,
1854,0.9653664951382396,0.8783779220165208,,,0.7684139534216303,1.0014609088602187,1.0767300071655261,1.0973249796024047,2.0477660409560503,,,,,1.2132325610209391,
1855,0.742715092729317,0.7067861839404967,,,0.5541895351937363,0.9483858818586131,1.171017293650871,1.0567762801589151,1.5353511790475511,,,,,1.0966370796349543,
1856,0.91544573367743,1.157253749136378,,,0.784699261304772,1.215060381330398,1.125237380205803,0.9065826575329197,1.181124848897175,,,,,1.0842873317398416,
1857,0.9111838535710548,0.9672634167157751,,,0.74776550357382,1.2376974485067465,0.7432968365589918,0.6779768219741154,0.4175968397587791,,,,,0.6762287244214954,
1858,1.5092304410793542,1.6504462253362502,,,0.9944539801839055,1.3568373278163406,1.1376090133774848,0.7225932485848988,0.8797559230298755,,,,,0.9295103829300818,
1859,1.2912268270397447,1.2862759441017224,,,0.6692940986511464,0.7081721732664052,0.878205423581058,0.6107572800196674,0.9547331860025092,,,,,0.8176997853806337,
1860,1.1370939292092028,1.0846305347133856,,,0.7864965570435448,0.6954412702100414,0.8894384733185885,0.49173570354284457,1.2090370649752873,,,,,0.7685372005044134,
1861,1.5879794986708817,1.4472104553571672,,,0.9312360467436291,1.0949395344529533,1.3270763293906367,0.8383985747604519,1.2269336333998941,,,,,1.1938082053863581,
1862,1.146063699389726,1.43263367814873,,,0.7262825508802095,0.8651203339774355,0.8220353320386865,0.774218768559159,0.9222710996874687,,,,,1.1579943235572374,
1863,1.2541332384829202,1.5975433385432543,,,0.60329107476097,1.0052275613478185,0.9180264605332825,0.7031254667581582,0.9756102804412815,,,,,1.2035303049474881,
1864,1.1350317339694664,1.6721776513105602,,,0.5924219318634727,1.2009300788007664,1.0364214657463795,0.7322844724063989,1.1419784310512495,,,,,1.2484542586750789,
1865,0.945899805618258,1.4668102408220796,,,0.540722595351196,0.935525528027451,0.8459139661275911,0.7474435201077886,0.7513625292814979,,,,,1.118800678861022,
1866,0.8960131802859561,1.1035497732213009,,,0.4892551649718885,0.8633465148853513,0.7217990177438146,0.6622030546812531,0.8810547317871315,,,,,1.0881706934421087,
1867,0.7042693363075895,1.159546468605355,,,0.4121303510859601,0.5017820563660154,0.5027832170756917,0.5088745594084144,0.7880773684785077,,,,,0.7102164830991264,
1868,0.7229842755546032,0.8275164701614176,,,0.18625327109775774,0.3500878629347879,0.35041286637759395,0.553051529366634,0.6039648406409163,,,,,0.5447263017356475,
1869,0.7415427728111939,1.0580257691042974,,,0.4201469254683456,0.5976414489014366,0.6894971133359581,0.8242669899681976,1.1257425169628656,,,,,0.8315393923953888,
1870,1.185794445898021,1.4301182047073027,,,0.5796996778072865,0.8119421771609121,0.9157028873404851,1.0863576124853567,1.5486373685844255,,,,,1.0571976967370442,
1871,0.9772426998289614,1.168096021332379,,,0.9649228181872785,0.9862565533684652,1.0113619580073732,0.9970864759094382,1.6662548208417707,,,,,1.1620667522464696,
1872,1.176575143529689,1.1016190434435564,,,0.9617680175822815,1.0726260388937434,1.3615039422899962,1.2044739478087074,2.1678017383967934,,,,,1.4237911025145067,
1873,1.092956039669441,1.3548441046705508,,,1.1001269826856284,0.9971445944739844,1.161248979613777,1.3780986786745641,2.903033342276275,,,,,1.5155038759689923,
1874,0.8641832828281163,1.5229715306869263,,,0.4242444053298414,0.4853547895743832,0.7134692682732744,0.8492450086979774,1.6216455226648099,,,,,0.9410929737402411,
1875,1.0286870209327,1.5663322001259607,,,0.5253044435588996,0.6094590623627594,0.9553296691552345,1.0815849673206857,1.930032483273896,,,,,1.090962288686606,
1876,1.2911593930408114,1.5340069610399911,,,0.848143420728596,0.937241056802737,1.520538190234615,1.3191210241214344,2.1236146045181905,,,,,1.6703488372093023,
1877,0.8797263163194803,1.0911206138373053,,,0.7047157158920031,0.5109151430506315,1.305069636457798,1.4513694988109762,0.9896894013628692,,,,,1.2793577094215516,
1878,0.9190213356780049,1.0080197374494047,,,0.7807197577777327,0.7605695459586362,1.4247697921205065,1.5986938912062838,1.3969559301428869,,,,,1.2072176949941793,
1879,1.140843922859758,1.0476843226729255,,,0.9043069942988204,0.9057628944598869,1.4182469160277342,1.7082338227291003,1.3865687882938245,,,,,1.2335775890020102,
1880,1.19960388993262,1.104042505993314,,,0.481924720390112,0.7508671470874931,1.4363977279981308,1.3007361801018598,1.1638321871759945,,,,,1.2121508107052157,
1881,0.9817827053098223,0.9781385564065979,,,0.4923878300444892,0.5202448930900418,0.7633206861097868,0.83052148192153,1.0014017407087803,,,,,0.873081463990555,
1882,1.7973698647748115,1.1855489271665778,,,0.8114715767538402,0.706269212695989,1.1214862675493344,1.2816782388559078,0.8132186674261639,,,,,0.9812898089171974,
1883,1.9452927133840392,1.3341302089050147,,,0.7870854906455675,0.7764569432791174,1.1476101577100062,1.8224827394192864,1.200197978502523,,,,,1.568395127471211,
1884,1.6869949909486628,1.000436252597506,,,0.8039810497233987,0.7582518011914131,1.4181319126874126,1.476696078974819,0.9086307192407433,,,,,1.4789522918615527,
1885,0.8343376897354698,0.5005369753364164,,,0.38146552670522155,0.36370907428358557,0.6056772797193951,0.9119813565494979,0.419540958012025,,,,,0.7828350240256274,
1886,0.8902699854457781,0.5933068015896674,,,0.5221145976259545,0.41768281974915367,1.0591697988791802,1.1715031093941393,0.46474748518878234,,,,,0.9390064274236744,
1887,0.8005047002770497,0.5564187409036113,,,0.5990698768915634,0.405111519201824,0.9657693783275774,1.200466752410291,0.6011081153778541,,,,,0.766734693877551,
1888,0.7265174514670617,0.5584916513560811,,,0.6395074463217412,0.40645323140116524,0.7019180923605011,1.0531474291855685,0.534389152761175,,,,,0.476340910651741,
1889,0.8189164661412212,0.6520028410601835,,,0.8803366703844868,0.47839223375695217,0.6382108459259549,0.8969602212934845,0.5540717645739903,,,,,0.6735117195602572,
1890,1.0054588699456841,0.7816929904075293,,,1.0562623928224568,0.7471584632784756,1.0101121411070633,1.2309940129807866,0.9080957748774294,,,,,0.9697308633344986,
1891,0.8738136231886477,0.5958274784863313,,,0.9392875122275123,0.7164714865092665,0.8521257542814755,1.0001192639020131,0.7967812598360109,,,,,0.8151494093120223,
1892,0.6334303787178568,0.5205698180698327,,,0.7751909959751242,0.4400853142477132,0.6325325130142049,0.8111876210923182,0.7471037127205172,,,,,0.5587789415656009,
1893,0.6336930075027005,0.6893212944870795,,,0.8386519169441268,0.4288665792057467,0.6680841868467761,0.7567330969279122,0.5400473569181167,,,,,0.5735838705253052,
1894,0.7260107524390939,0.913263451989186,,,1.2193596942034957,0.7039703431293518,0.9868500302159506,1.116532138624488,0.8419326908401212,,,,,0.8097444633730835,
1895,1.0802927383104035,0.9680143365854584,,,1.329464559729058,0.7397084790155205,0.7075787925729311,0.9874138174115993,1.2537859833440594,,,,,1.103896103896104,
1896,1.4190461729315844,1.0616670014429828,,,1.4367047077017434,0.6570138227938657,0.8561519621486504,1.0068267211696968,1.0332974729189979,,,,,1.0589900896649362,
1897,0.8992745227283447,1.1576429305494504,,,1.2488621376937339,0.7539350208699954,0.9078209514869936,1.2840743188209802,1.2211546899711683,,,,,1.0135408245755861,
1898,0.8855010753453522,1.1990326969711262,,,1.5039279127390859,0.7838014977316962,0.7007619782209459,1.1930699795120943,1.267062552461536,,,,,0.9958783783783782,
1899,0.7364311805328293,1.0927460078729878,,,1.0685009216963688,0.5650612167448875,0.55232472415489,1.1045658269931706,0.8350143360265311,,,,,0.8759345322287331,
1900,0.340731976383004,0.6042512250525779,,,0.5753073561344311,0.3837450144245859,0.5392778524373009,0.8233817701854024,0.5242677392232161,,,,,0.6233713901947615,
1901,0.7031254667581582,0.8329003867140098,,,1.1206031435832138,0.7564661720268259,0.5109602945765475,1.1607632017625094,0.5255877148603834,,,,,,
1902,0.7627963254233323,0.6841220757646944,,,0.7954296562476295,0.5731113031307197,0.46898647190133735,1.0467804619529213,0.43837074253905073,,,,,,
1903,0.497021266567839,0.41953797898283274,,,0.6631664311338044,0.33881826848935587,0.2983835552329267,0.8637192290741357,0.2360658339339677,,,,,,
1904,0.7293830747213802,0.6308346844899495,,,1.178481684532763,0.670631493661903,0.6036681482770759,1.2317127001458428,0.48377646960354886,,,,,,
1905,1.0023286776226346,0.8061602404815255,,,1.4432219273582538,0.6588555204863461,0.5616872760068057,1.3875226501447744,0.7431812963775709,,,,,,
1906,1.2182603618915366,0.8481242656806907,,,1.3088114984722592,0.60699924370795,0.49895081823766996,1.303668684296749,0.7082510819521901,,,,,,
1907,1.0886545150523366,0.7734986424708169,,,1.1087420854706909,0.6600081621956807,0.41204462475726084,1.0942559207256128,0.6753652354688968,,,,,,
1908,1.3334353366246254,0.9331324414734312,,,1.4874927673489877,0.8048291870768063,0.756421647723566,1.1308309878563279,0.8245466619683951,,,,,,
1909,1.1649129124486506,0.7843737274262503,,,0.9885302229002637,0.45849552895783624,0.3424356257330778,0.8300846734261224,0.5700584415897267,,,,,,
1910,1.1471180455321024,0.8095157527185538,,,0.950061282687696,0.6050089603659116,0.47812716837718083,1.2087992563071082,0.8824086899467813,,,,,,
1911,0.7942931865559449,0.7515600987968947,,,0.8580011156615976,0.5811229902635274,0.5190371443790781,0.8610195726655838,0.6950217027570988,,,,,,
1912,1.4120935741816485,0.9134371645393367,,,0.8788455307673386,0.5452124769684508,0.69046421391336,1.2892374021749458,1.105237641202993,,,,,,
1913,1.2128066729147393,0.7358797499256479,,,0.9742092309592584,0.5395647136370068,0.7058555287491142,1.4340251756593643,0.9636410029488998,,,,,,
1914,1.8304545131096828,1.0736321366786217,,,1.1886134753588018,0.7479658019406487,0.9069677905729293,1.7323536081542301,1.536415774905209,,,,,,
1915,1.6524508697024833,1.1738784377551226,,,0.8927616193935104,0.7402077506894079,0.9745064463856972,1.6710423670339623,1.1668981263151732,,,,,,
1916,1.1162949863784526,0.8959070980314668,,,1.061092638180214,0.6719991756442578,0.6621943769703313,1.4207668299983067,1.695202466223042,,,,,,
1917,1.2358284365134682,1.0764273082935079,,,0.8139447011062868,0.5986068162941076,0.5576969822265389,0.9252416166049985,1.6538760656796136,,,,,,
1918,1.316696133231944,1.2956265866673458,,,0.8738336959631335,0.5854461797624075,0.5920347853344148,1.09541196659814,1.5180181429799986,,,,,,
1919,1.314494431818249,1.2967461918193386,,,1.051027098438753,0.5084909881040199,0.8618446336020654,1.0233228555983476,1.7137320949702404,,,,,,
1920,1.0963033147290036,1.553493419421567,,,1.011732079703094,0.4664212819928826,1.0104997345714168,1.3555916097192213,1.1936441682247914,,,,,,
1921,1.435653799104908,1.7939508786474603,,,1.1329710469735834,0.41249680194469956,1.0107699202781437,1.2566602890990584,1.048230661923118,,,,,,
1922,2.0554012991135995,1.9540843376705694,,,1.5067925177826178,0.6342688868260699,0.8603421580565473,1.346123515472409,1.6056383074416734,,,,,,
1923,1.7881987383323488,0.8381248015803026,,,1.0907946430248183,0.4723982984959245,0.8444535904386452,1.2402630962912295,1.130765440705746,,,,,,
1924,1.9227716008668614,1.0530503681290497,,,1.4226151469145147,0.6059287044367783,0.8202392910513654,1.342528790079229,1.4572239163746148,,,,,,
1925,1.8985965112255012,0.911829831338924,,,1.27505071077211,0.6515614595051775,1.0116771849611135,1.1354811757605225,1.7292441895931192,,,,,,
1926,1.4279965141499231,0.7515277856934276,,,1.2745009516184118,0.6091592379722198,0.8176865108765604,1.20657409151843,1.236268392265619,,,,,,
1927,1.7264499834631228,0.9718309610186977,,,1.5131307921803232,0.6433774811103153,0.955743137203223,1.3496394739912172,1.4125958276709856,,,,,,
1928,1.2727563300609104,0.6945488439219459,,,0.8373122804746592,0.42163920806550637,0.9535983253145639,1.094994465953681,1.0439688897894295,,,,,,
1929,1.0559028085021254,0.7755858886308672,,,0.7426179013392723,0.292266526095847,0.7141625295692293,0.9817705395438202,0.9602466308950715,,,,,,
1930,1.9228151018484578,1.3945886150028068,,,1.3079431904832723,0.555105227345219,1.0729234485257104,1.435886302830604,1.46751303073456,,,,,,
1931,1.2043497563839451,0.9213489029690528,,,0.9595723312712613,0.4001718371207219,0.8964042148325525,0.8519416681767316,1.2430710472635738,,,,,,
1932,1.064320204084494,0.5821023822522402,,,0.7377155706611623,0.31894142467955783,0.8235771781964042,0.8166288155223932,1.0692491377023083,,,,,,
1933,1.0075651198077544,0.40163026569226185,,,0.762521459093707,0.356795629251469,0.7659703834687714,0.7060107179498152,1.0755936367844254,,,,,,
1934,1.4180658044643615,0.7859007934500484,,,0.9944320944941187,0.38104388098075953,0.7223614518379412,1.02622202110934,1.3708822364196487,,,,,,
1935,0.8519924390281385,0.5874844047066641,,,0.5507335219629227,0.3047237091942304,0.6142064001339175,0.644858875571017,1.118725251590433,,,,,,
1936,0.9552689784849817,0.7099936991901155,,,0.7361610541854159,0.4006490295645995,0.7407916459069035,0.7908114788930296,1.358579831216435,,,,,,
1937,1.551700607236247,0.975593850367641,,,1.0969884689229739,0.6280985371083974,0.7970825735868716,0.814203927520258,1.4955746403563708,,,,,,
1938,1.3484664226361427,0.9800214361492086,,,1.0146324072618433,0.49888381046446584,0.9150109641836666,1.0026313238203888,1.7064114771451826,,,,,,
1939,1.333031945486981,1.0419967811279285,,,0.7753826803286116,0.3457184227442541,0.8684574309489604,1.0392420684283183,1.4975405356166882,,,,,,
1940,1.052974429183412,0.8203273510689114,,,0.7441328146901743,0.41230566286629605,0.852630513929462,0.8294935333705826,1.1071529504097866,,,,,,
1941,1.3703237768964653,1.3007331184030384,,,0.9619709251033549,0.601222228554742,1.1327549755777502,0.9135827448409995,1.9485945397934112,,,,,,
1942,1.024684589255455,0.8927867031295152,,,0.8610964217507809,0.47996549503372415,0.8162176580421445,0.5975227235829123,1.3959624291249246,,,,,,
1943,1.425249852112457,1.1919800323992027,,,0.7756518442386241,0.466339938061878,0.8208923867547956,1.0594961964528795,1.6557675765171624,,,,,,
1944,1.3877763413481525,0.9641396058407797,,,0.8401203368221605,0.4991591231957632,0.8573934051878671,0.884348183377871,1.402566788894709,,,,,,
1945,1.4815844187774254,1.1775071987196446,,,0.802702544762521,0.36259303990072983,1.0135387934455329,1.0979137809420374,0.9803361549807872,,,,,,
1946,1.0648126062677286,0.8042886844791738,,,0.8206468482050315,0.30043985966382153,0.883259775782274,0.9751941164907858,1.1002062898589564,,,,,,
1947,1.415648280261604,1.0222201020170194,,,0.6209992755466744,0.42152241473438085,0.847601233111521,0.7833223899235175,1.168020792092337,,,,,,
1948,1.594494562686738,1.115359251115203,,,0.7020982861237122,0.47392371351686896,0.6236335089289644,0.8410190097076867,0.6353869236716603,,,,,,
1949,1.8126727845591237,1.2497389815652808,,,0.8691782675366067,0.5340095134981099,0.9312841567952952,0.9720070359860491,0.769038187108938,,,,,,
1950,1.8697203471677124,1.5321400917106878,,,0.8750199769168758,0.5429166222806413,1.0382464516972987,1.336209272029033,0.8952916101530711,,,,,,
1951,1.464629371481363,1.0000829763920323,,,0.8307763606516722,0.45033886062915895,0.9695211071024149,1.075812322996906,0.7862742492692,,,,,,
1952,1.270246640618778,0.9618461544056711,,,0.6709823532492015,0.34552282200520623,0.7375502488712059,0.6599758550325543,0.6992894025031473,,,,,,
1953,1.4273029416190217,1.4892546821047743,,,0.6804576123569291,0.5961797069907685,1.0857173316986553,1.0255835989837316,1.0942609932535157,,,,,,
1954,1.4273546205547132,1.1418423532952173,,,0.7751464127860653,0.4494888075453809,1.0410221517608456,0.9783657240017379,1.2000048019399836,,,,,,
1955,1.5457497174785177,1.0760057908797067,,,0.5098279506227237,0.22148838478860605,0.7634305827378512,0.5964276130317845,0.6783519461437981,,,,,,
1956,2.040038480304229,1.6340782727630045,,,0.52063273106763,0.3592500993684582,0.6222167998535961,0.7080835684062059,0.8101409953479299,,,,,,
1957,2.291353350578909,1.7295978419970635,,,0.6227659018610441,0.39656339604124985,0.7857638086434019,0.5967783906737417,0.7103389597476581,,,,,,
1958,2.051224146285664,1.6684611776060014,,,0.5487715408317981,0.2864934463836681,0.8888243410064628,0.6378791909994287,0.5078913890434922,,,,,,
1959,1.205322479775296,0.9810202438757523,,,0.43692622361652217,0.23474703446558115,0.5511307844573637,0.3266580602301726,0.133549700247182,,,,,,
1960,1.6323424689283363,1.3615679864128343,,,0.5128258667904119,0.3154037139427619,0.741289294729437,0.49099008211466844,0.17774408553454168,,,,,,
1961,1.1173541408029095,1.2298470656309384,,,0.5885848743919438,0.31959892462198747,0.846133639342449,0.6224120426799092,0.56902729922095,,,,,,
1962,0.8668646161107606,0.8715362298262694,,,0.37989665680342705,0.3237030323053895,0.6454407360791633,0.4263443248987065,0.4730805136733112,,,,,,
1963,0.8394607914182851,0.7112735311678036,,,0.48376581820738856,0.33889761860808093,0.5837092066861236,0.4511451197686229,0.4973114816481124,,,,,,
1964,0.9723307697218116,0.8836429383350369,,,0.5311630319813991,0.327517802065384,0.3940293520893439,0.39242152437875,0.5958642396014856,,,,,,
1965,0.8186337793061481,0.5524606646146657,,,0.43176686696347955,0.07121214510767987,0.44620872793266997,0.3661134195512732,0.49481251384959984,,,,,,
1966,1.1479780691449881,0.774383304749059,,,0.5488024622604057,0.17392747415513604,0.46748663894962533,0.46096954183819694,0.5748948204702848,,,,,,
1967,0.8623660144641664,0.6181420372319167,,,0.4550580714816378,0.13334685322442258,0.45376566362628934,0.41525987695400035,0.4284669518143411,,,,,,
1968,1.1762283469864299,0.9065899126418159,,,0.6175913116352826,0.12045442281729792,0.4912867693366662,0.5493477631917796,0.6053787091747289,,,,,,
1969,1.442088761236655,1.109649383949462,,,0.7678819459600821,0.14273029416190217,0.7568979366033481,0.6542817362916044,0.5485669584561571,,,,,,
1970,1.0680703854243834,1.1314850280472217,,,0.7843189470513143,0.3315854580057872,0.7897613408635453,0.741152858029884,0.8270554913318202,,,,,,
1971,0.7992574165469606,0.8900586545203196,,,0.5740130484437226,0.36656350443061997,0.8097088741802917,0.543182381187175,1.0275558585018194,,,,,,
1972,0.9773543058184191,0.9990717706837008,,,0.7696290731364769,0.47009582372227876,0.7866139431177368,0.6791340743113654,0.9030949268019492,,,,,,
1973,1.5955271148148873,1.2439054801325335,,,0.47436503524097867,0.3069968566795043,0.8840162877825175,0.6158726659782107,0.7516610715134473,,,,,,
1974,1.1297306841328996,1.0858448420267983,,,0.516858977906951,0.4436887012074425,0.47833285543829146,0.4756557593895187,0.6043716213947554,,,,,,
1975,0.8030504490610764,0.6202442971710037,,,0.32498590055325416,0.40177415992509863,0.2891005013844197,0.290272512018461,0.3354271430556834,,,,,,
1976,0.7850580835282686,0.3346043537754485,,,0.42820638616641393,0.26609418329105755,0.3967342797282951,0.41750716801326554,0.4328356762936338,,,,,,
1977,0.8322934314252767,0.6953371596964665,,,0.5432206149995934,0.37319628302817176,0.5255578602475856,0.5149058153085158,0.540767218865048,,,,,,
1978,0.7193439855788251,0.7648101802286327,,,0.556575715822132,0.24450027633893245,0.5014084293597376,0.6593310173025345,0.6422575982342807,,,,,,
1979,0.8956693576872545,1.191413476114929,,,0.6139937133590087,0.41089396632579217,0.9486883099982393,0.7211905764352124,1.2043199608517774,,,,,,
1980,0.9141205845857985,1.2091536328777936,,,0.7558315060770001,0.49058507017782316,1.284676818312249,1.0198044025947404,1.49149779995697,,,,,,
1981,0.7583762248294297,0.6242774724000576,,,0.5401630372326326,0.2765654659818068,0.6788800620034877,0.512233908991993,0.9040467672179644,,,,,,
1982,0.8731539025756194,0.6245451263301185,,,0.5075914252694964,0.3289398698126985,0.5620515546106829,0.39668197813079353,0.7930426263496952,,,,,,
1983,1.189967901634519,0.8955424641801225,,,0.6279530271312351,0.555009922129502,0.976593820737154,0.4801702250523323,1.3855650721899233,,,,,,
1984,1.2807848995385895,1.1001590033979516,,,0.6823780439641115,0.4882457289377633,1.2501473358678432,0.9343762755949611,1.3891410931541675,,,,,,
1985,2.003324502965318,1.9998220361216574,,,0.8858520456808746,0.8142255005751575,1.6347004189692635,1.0709348656926787,1.7102553708958246,,,,,,
1986,1.6234147104277061,1.057935411678314,,,0.6342248429776361,0.409426981079347,0.9855875809443525,0.6142871137820332,0.7609000744096677,,,,,,
1987,1.53712740574538,1.2175610328207798,,,0.6504819759892095,0.5017560448322586,0.8040497096686222,0.7758256178464679,0.6711469786013554,,,,,,
1988,1.6052598699502767,1.4919177761646336,,,0.6093114367000322,0.4331456582604358,1.0121568010138304,0.690074929071995,1.1013814491119256,,,,,,
1989,0.9285958998499609,0.9721996395473507,,,0.3537911854211965,0.13960862254630266,0.7359863242426652,0.5019311882868178,0.7130041035800198,,,,,,
1990,1.0205812191225068,1.3815695095328688,,,0.5037808203130558,0.47404385569498136,1.1351724521010471,0.8475099077217246,0.7660295321719981,,,,,,
1991,0.8829527673369876,0.8164649752980053,,,0.47034279597257056,0.38814105037952024,1.0092248924418894,0.8722876657526347,1.0165066531918479,,,,,,
1992,0.7700100605569234,0.7697536946014764,,,0.38050007480743664,0.3185092796028975,0.7285958011188883,0.5921572581300879,0.6605365703232319,,,,,,
1993,0.8617585283348977,1.0644256719463352,,,,,,,0.5373837013787691,,,,,,
1994,,,,,,,,,0.6407323943661972,,,,,,
